id;fecha_inventario;bodega;id_effi;nombre;categoria;excluido;razon_exclusion;inventario_teorico;inventario_fisico;diferencia;costo_manual;estado;contado_por;fecha_conteo;notas
3062;2026-04-30;—;57;REFINADO CACAO 24H;T09.01. SERVICIOS MAQUILA;1;Sin gestión de stock;NULL;NULL;NULL;7000.00;pendiente;NULL;NULL;NULL
3063;2026-04-30;—;58;TOSTADO CF CACAO;T09.01. SERVICIOS MAQUILA;1;Sin gestión de stock;NULL;NULL;NULL;2000.00;pendiente;NULL;NULL;NULL
3064;2026-04-30;—;59;DESCASCARILLADO CF CACAO;T09.01. SERVICIOS MAQUILA;1;Sin gestión de stock;NULL;NULL;NULL;2000.00;pendiente;NULL;NULL;NULL
3274;2026-04-30;—;63;ENVASE VIDRIO R 3590, 255 CC B.53 UNICOR;T999. PRODUCTOS QUE NO SE USAN;1;Productos que no se usan (obsoletos);NULL;NULL;NULL;945.40;pendiente;NULL;NULL;NULL
3073;2026-04-30;—;94;PROCESO MOLDEADO CHOCOLATE DE MESA;T09.01. SERVICIOS MAQUILA;1;Sin gestión de stock;NULL;NULL;NULL;3000.00;pendiente;NULL;NULL;NULL
3077;2026-04-30;—;117;PROCESO EMPACADO CHOCOLATE;T09.02. SERVICIOS M.O.;1;Sin gestión de stock;NULL;NULL;NULL;800.00;pendiente;NULL;NULL;NULL
3079;2026-04-30;—;150;MANO DE OBRA OS GENERAL;T09.02. SERVICIOS M.O.;1;Sin gestión de stock;NULL;NULL;NULL;1.00;pendiente;NULL;NULL;NULL
3080;2026-04-30;—;161;Domicilio;T09.06. SERVICIOS LOGISTICA;1;Sin gestión de stock;NULL;NULL;NULL;8000.00;pendiente;NULL;NULL;NULL
3081;2026-04-30;—;166;Comision bold;T09.10. SERVICIOS GENERALES;1;Sin gestión de stock;NULL;NULL;NULL;1.00;pendiente;NULL;NULL;NULL
3082;2026-04-30;—;176;MAQUILA OBTENCION DE NIBS DE CACAO X KG;T09.01. SERVICIOS MAQUILA;1;Sin gestión de stock;NULL;NULL;NULL;4845.00;pendiente;NULL;NULL;NULL
3083;2026-04-30;—;177;ENMOLDADO DE CHOCOLATE X KG;T09.01. SERVICIOS MAQUILA;1;Sin gestión de stock;NULL;NULL;NULL;5000.00;pendiente;NULL;NULL;NULL
3275;2026-04-30;—;181;Envase Vidrio R 4267 Flint, 450cc, B.89, C Tapa UNICOR;T999. PRODUCTOS QUE NO SE USAN;1;Productos que no se usan (obsoletos);NULL;NULL;NULL;2242.00;pendiente;NULL;NULL;NULL
3276;2026-04-30;—;200;MOLDE POLICARBONATO FORMA CACAITO;T05.02. A.F. MOLDES;1;Activos fijos, moldes, herramientas y consumibles — no van en inventario físico;NULL;NULL;NULL;55000.00;pendiente;NULL;NULL;NULL
3087;2026-04-30;—;201;ESPATULA BLANCA;T05.03. HERRAMIENTAS;1;Sin gestión de stock;NULL;NULL;NULL;0.00;pendiente;NULL;NULL;NULL
3088;2026-04-30;—;202;REJILLA COCINA;T05.02. A.F. MOLDES;1;Sin gestión de stock;NULL;NULL;NULL;0.00;pendiente;NULL;NULL;NULL
3089;2026-04-30;—;203;TAPETE SILICONA;T05.02. A.F. MOLDES;1;Sin gestión de stock;NULL;NULL;NULL;0.00;pendiente;NULL;NULL;NULL
3093;2026-04-30;—;210;TERMOMIX;T05.03. HERRAMIENTAS;1;Sin gestión de stock;NULL;NULL;NULL;0.00;pendiente;NULL;NULL;NULL
3094;2026-04-30;—;211;REFINADORA CHOCOLATE PREMIER1;T05.03. HERRAMIENTAS;1;Sin gestión de stock;NULL;NULL;NULL;0.00;pendiente;NULL;NULL;NULL
3095;2026-04-30;—;212;Bicarbonato x gramo;T999. PRODUCTOS QUE NO SE USAN;1;Productos que no se usan (obsoletos);NULL;NULL;NULL;15.00;pendiente;NULL;NULL;NULL
3096;2026-04-30;—;221;PISTOLA DE CALOR RANGER;T05.03. HERRAMIENTAS;1;Sin gestión de stock;NULL;NULL;NULL;100840.00;pendiente;NULL;NULL;NULL
3097;2026-04-30;—;224;CABUYA TAMBOR X 25METROS;T05.06. CONSUMIBLES PRODUCCION Y VENTAS;1;Sin gestión de stock;NULL;NULL;NULL;3000.00;pendiente;NULL;NULL;NULL
3277;2026-04-30;—;234;Espátula Alta Temperatura 16pulg.;T05.03. HERRAMIENTAS;1;Activos fijos, moldes, herramientas y consumibles — no van en inventario físico;NULL;NULL;NULL;31933.00;pendiente;NULL;NULL;NULL
3102;2026-04-30;—;235;EXHIBIDOR MEDIANO MADERA 2 NIVELES;XMATERIAL DE APOYO VENTAS POP;1;Sin gestión de stock;NULL;NULL;NULL;35000.00;pendiente;NULL;NULL;NULL
3103;2026-04-30;—;236;Flete Mercadolibre;T09.06. SERVICIOS LOGISTICA;1;Sin gestión de stock;NULL;NULL;NULL;9100.00;pendiente;NULL;NULL;NULL
3105;2026-04-30;—;245;EXHIBIDOR GRANDE MADERA 3 NIVELES;XMATERIAL DE APOYO VENTAS POP;1;Material de apoyo ventas POP — no se inventaría;NULL;NULL;NULL;60000.00;pendiente;NULL;NULL;NULL
3278;2026-04-30;—;246;HABLADOR EN ACRILICO BASE MADERA;XMATERIAL DE APOYO VENTAS POP;1;Material de apoyo ventas POP — no se inventaría;NULL;NULL;NULL;28000.00;pendiente;NULL;NULL;NULL
3107;2026-04-30;—;250;SAL ROSADA DEL HIMALAYA X KG;T999. PRODUCTOS QUE NO SE USAN;1;Productos que no se usan (obsoletos);NULL;NULL;NULL;20000.00;pendiente;NULL;NULL;NULL
3108;2026-04-30;—;251;EXHIBIDOR PEQUEÑO MADERA 1 NIVEL;XMATERIAL DE APOYO VENTAS POP;1;Sin gestión de stock;NULL;NULL;NULL;0.00;pendiente;NULL;NULL;NULL
3110;2026-04-30;—;257;PLATO CANOA BAMBÚ 10CMS 25uds SIGMAPLAST;T05.06. CONSUMIBLES PRODUCCION Y VENTAS;1;Sin gestión de stock;NULL;NULL;NULL;22400.00;pendiente;NULL;NULL;NULL
3111;2026-04-30;—;258;ROLLO EXTENSIBLE PLASTICO ALIMENTOS RAP 300M;T05.06. CONSUMIBLES PRODUCCION Y VENTAS;1;Sin gestión de stock;NULL;NULL;NULL;16500.00;pendiente;NULL;NULL;NULL
3112;2026-04-30;—;259;TOALLA DE PAPEL PARA COCINA x 3 Rollos;T05.06. CONSUMIBLES PRODUCCION Y VENTAS;1;Sin gestión de stock;NULL;NULL;NULL;11000.00;pendiente;NULL;NULL;NULL
3113;2026-04-30;—;260;PAPEL PARAFINADO ROLLO X 100M EMPAQUES Y DESECHABLES LA MAYORISTA;T05.06. CONSUMIBLES PRODUCCION Y VENTAS;1;Activos fijos, moldes, herramientas y consumibles — no van en inventario físico;NULL;NULL;NULL;20000.00;pendiente;NULL;NULL;NULL
3115;2026-04-30;—;268;VITRINA RODAJA MADERA;XMATERIAL DE APOYO VENTAS POP;1;Material de apoyo ventas POP — no se inventaría;NULL;NULL;NULL;0.00;pendiente;NULL;NULL;NULL
3279;2026-04-30;—;270;MOLDE POLICARBONATO AMAZON FIGURAS 9 - 12g X UNIDAD;T05.02. A.F. MOLDES;1;Activos fijos, moldes, herramientas y consumibles — no van en inventario físico;NULL;NULL;NULL;55000.00;pendiente;NULL;NULL;NULL
3280;2026-04-30;—;271;MOLDE POLICARBONATO AMAZON TABLETA  CUADRICULA X UNIDAD;T05.02. A.F. MOLDES;1;Activos fijos, moldes, herramientas y consumibles — no van en inventario físico;NULL;NULL;NULL;15000.00;pendiente;NULL;NULL;NULL
3281;2026-04-30;—;280;BATA DESECHABLE POLIPROPILENO X UNIDAD;T05.06. CONSUMIBLES PRODUCCION Y VENTAS;1;Activos fijos, moldes, herramientas y consumibles — no van en inventario físico;NULL;NULL;NULL;5090.00;pendiente;NULL;NULL;NULL
3282;2026-04-30;—;281;GORRO DESECHABLE BLANCO X 100 UNIDADS;T05.06. CONSUMIBLES PRODUCCION Y VENTAS;1;Activos fijos, moldes, herramientas y consumibles — no van en inventario físico;NULL;NULL;NULL;19300.00;pendiente;NULL;NULL;NULL
3283;2026-04-30;—;282;GUANTES DE NITRILO TALLA M CAJA X 50 PARES;T05.06. CONSUMIBLES PRODUCCION Y VENTAS;1;Activos fijos, moldes, herramientas y consumibles — no van en inventario físico;NULL;NULL;NULL;33000.00;pendiente;NULL;NULL;NULL
3284;2026-04-30;—;286;Amonio Cuaternario x litro (Limpieza y desinfección);T05.06. CONSUMIBLES PRODUCCION Y VENTAS;1;Activos fijos, moldes, herramientas y consumibles — no van en inventario físico;NULL;NULL;NULL;12700.00;pendiente;NULL;NULL;NULL
3127;2026-04-30;—;304;Bowld Metálico de 32cms;T05.03. HERRAMIENTAS;1;Sin gestión de stock;NULL;NULL;NULL;18500.00;pendiente;NULL;NULL;NULL
3133;2026-04-30;—;340;VINAGRE / ACIDO ACETICO X 3 LITROS / MINORISTA (LIMPIEZA Y DESINFECCION);T05.06. CONSUMIBLES PRODUCCION Y VENTAS;1;Sin gestión de stock;NULL;NULL;NULL;4800.00;pendiente;NULL;NULL;NULL
3141;2026-04-30;—;369;DESCUENTOS;;1;Sin gestión de stock;NULL;NULL;NULL;0.00;pendiente;NULL;NULL;NULL
3145;2026-04-30;—;391;HABLADOR MADERA;XMATERIAL DE APOYO VENTAS POP;1;Material de apoyo ventas POP — no se inventaría;NULL;NULL;NULL;28000.00;pendiente;NULL;NULL;NULL
3285;2026-04-30;—;408;MOLDE POLICARBONATO AMAZON TABLETA RAYA X UNIDAD;T05.02. A.F. MOLDES;1;Activos fijos, moldes, herramientas y consumibles — no van en inventario físico;NULL;NULL;NULL;55000.00;pendiente;NULL;NULL;NULL
3286;2026-04-30;—;409;MOLDE POLICARBONATO AMAZON FIGURAS  VARIAS X UNIDAD;T05.02. A.F. MOLDES;1;Activos fijos, moldes, herramientas y consumibles — no van en inventario físico;NULL;NULL;NULL;55000.00;pendiente;NULL;NULL;NULL
3151;2026-04-30;—;415;O01.01. Papeleria;GASTOS;1;Sin gestión de stock;NULL;NULL;NULL;0.00;pendiente;NULL;NULL;NULL
3152;2026-04-30;—;416;O01.02. Impuestos;GASTOS;1;Sin gestión de stock;NULL;NULL;NULL;0.00;pendiente;NULL;NULL;NULL
3153;2026-04-30;—;417;O01.03. Gastos de publicidad e imagen;GASTOS;1;Sin gestión de stock;NULL;NULL;NULL;0.00;pendiente;NULL;NULL;NULL
3154;2026-04-30;—;418;O01.04. Gastos desarrollo de producto;GASTOS;1;Sin gestión de stock;NULL;NULL;NULL;0.00;pendiente;NULL;NULL;NULL
3155;2026-04-30;—;419;O01.05. Fletes Ventas OS;GASTOS;1;Sin gestión de stock;NULL;NULL;NULL;0.00;pendiente;NULL;NULL;NULL
3156;2026-04-30;—;420;O01.06. Gastos de Venta OS;GASTOS;1;Sin gestión de stock;NULL;NULL;NULL;0.00;pendiente;NULL;NULL;NULL
3157;2026-04-30;—;421;O01.07. Software;GASTOS;1;Sin gestión de stock;NULL;NULL;NULL;0.00;pendiente;NULL;NULL;NULL
3158;2026-04-30;—;422;O01.08. Gestiones administrativas y legales;GASTOS;1;Sin gestión de stock;NULL;NULL;NULL;0.00;pendiente;NULL;NULL;NULL
3159;2026-04-30;—;423;O01.09. Viaticos;GASTOS;1;Sin gestión de stock;NULL;NULL;NULL;0.00;pendiente;NULL;NULL;NULL
3160;2026-04-30;—;424;O01.10. Gastos Bancarios;GASTOS;1;Sin gestión de stock;NULL;NULL;NULL;0.00;pendiente;NULL;NULL;NULL
3161;2026-04-30;—;425;O01.11. Arriendo;GASTOS;1;Sin gestión de stock;NULL;NULL;NULL;0.00;pendiente;NULL;NULL;NULL
3162;2026-04-30;—;426;O01.12. Servicios Publicos;GASTOS;1;Sin gestión de stock;NULL;NULL;NULL;0.00;pendiente;NULL;NULL;NULL
3163;2026-04-30;—;427;O01.13. Ferreteria;GASTOS;1;Sin gestión de stock;NULL;NULL;NULL;0.00;pendiente;NULL;NULL;NULL
3164;2026-04-30;—;428;O01.14. Feria viaticos y general;GASTOS;1;Sin gestión de stock;NULL;NULL;NULL;0.00;pendiente;NULL;NULL;NULL
3165;2026-04-30;—;429;O01.15. Feria gastos de venta;GASTOS;1;Sin gestión de stock;NULL;NULL;NULL;0.00;pendiente;NULL;NULL;NULL
3166;2026-04-30;—;430;O01.16. Feria insumos;GASTOS;1;Sin gestión de stock;NULL;NULL;NULL;0.00;pendiente;NULL;NULL;NULL
3167;2026-04-30;—;431;O01.17. Gastos en mejoras y varios;GASTOS;1;Sin gestión de stock;NULL;NULL;NULL;0.00;pendiente;NULL;NULL;NULL
3168;2026-04-30;—;432;O01.18. Uniformes y dotacion;GASTOS;1;Sin gestión de stock;NULL;NULL;NULL;0.00;pendiente;NULL;NULL;NULL
3169;2026-04-30;—;433;O01.19. Consumibles produccion;GASTOS;1;Sin gestión de stock;NULL;NULL;NULL;0.00;pendiente;NULL;NULL;NULL
3170;2026-04-30;—;434;O01.20. Gastos Generales;GASTOS;1;Sin gestión de stock;NULL;NULL;NULL;0.00;pendiente;NULL;NULL;NULL
3171;2026-04-30;—;435;O01.21. Tecnologia;GASTOS;1;Sin gestión de stock;NULL;NULL;NULL;0.00;pendiente;NULL;NULL;NULL
3172;2026-04-30;—;436;O01.22. Fletes compras;GASTOS;1;Sin gestión de stock;NULL;NULL;NULL;0.00;pendiente;NULL;NULL;NULL
3173;2026-04-30;—;437;O01.23. Estudios de mercado y competencia;GASTOS;1;Sin gestión de stock;NULL;NULL;NULL;0.00;pendiente;NULL;NULL;NULL
3174;2026-04-30;—;438;O01.30. Por Identificar;GASTOS;1;Sin gestión de stock;NULL;NULL;NULL;0.00;pendiente;NULL;NULL;NULL
3175;2026-04-30;—;439;O06.01. Herramientas;GASTOS;1;Sin gestión de stock;NULL;NULL;NULL;0.00;pendiente;NULL;NULL;NULL
3176;2026-04-30;—;440;O06.02. Maquinas;GASTOS;1;Sin gestión de stock;NULL;NULL;NULL;0.00;pendiente;NULL;NULL;NULL
3177;2026-04-30;—;441;O06.03. Activos Muebles;GASTOS;1;Sin gestión de stock;NULL;NULL;NULL;0.00;pendiente;NULL;NULL;NULL
3178;2026-04-30;—;442;O06.04. Activos Fijos y reformas;GASTOS;1;Sin gestión de stock;NULL;NULL;NULL;0.00;pendiente;NULL;NULL;NULL
3179;2026-04-30;—;443;O06.05. Vehiculos;GASTOS;1;Sin gestión de stock;NULL;NULL;NULL;0.00;pendiente;NULL;NULL;NULL
3180;2026-04-30;—;444;O06.06. Tecnologia;GASTOS;1;Sin gestión de stock;NULL;NULL;NULL;0.00;pendiente;NULL;NULL;NULL
3181;2026-04-30;—;445;O06.07. Molderia general;GASTOS;1;Sin gestión de stock;NULL;NULL;NULL;0.00;pendiente;NULL;NULL;NULL
3182;2026-04-30;—;446;O06.08. Material POP;GASTOS;1;Sin gestión de stock;NULL;NULL;NULL;0.00;pendiente;NULL;NULL;NULL
3183;2026-04-30;—;447;O06.20. Otros Activos;GASTOS;1;Sin gestión de stock;NULL;NULL;NULL;0.00;pendiente;NULL;NULL;NULL
3184;2026-04-30;—;448;O07.01. Honorarios a socios;GASTOS;1;Sin gestión de stock;NULL;NULL;NULL;0.00;pendiente;NULL;NULL;NULL
3185;2026-04-30;—;449;O07.02. Comisiones miembros;GASTOS;1;Sin gestión de stock;NULL;NULL;NULL;0.00;pendiente;NULL;NULL;NULL
3186;2026-04-30;—;450;O07.03. Honorarios a terceros;GASTOS;1;Sin gestión de stock;NULL;NULL;NULL;0.00;pendiente;NULL;NULL;NULL
3187;2026-04-30;—;451;O07.04. Salarios;GASTOS;1;Sin gestión de stock;NULL;NULL;NULL;0.00;pendiente;NULL;NULL;NULL
3188;2026-04-30;—;452;O07.05. Eps;GASTOS;1;Sin gestión de stock;NULL;NULL;NULL;0.00;pendiente;NULL;NULL;NULL
3189;2026-04-30;—;453;O07.06. Arl;GASTOS;1;Sin gestión de stock;NULL;NULL;NULL;0.00;pendiente;NULL;NULL;NULL
3190;2026-04-30;—;454;O07.07. Pension;GASTOS;1;Sin gestión de stock;NULL;NULL;NULL;0.00;pendiente;NULL;NULL;NULL
3191;2026-04-30;—;455;O07.08. Parafiscales;GASTOS;1;Sin gestión de stock;NULL;NULL;NULL;0.00;pendiente;NULL;NULL;NULL
3192;2026-04-30;—;456;O07.09. Primas;GASTOS;1;Sin gestión de stock;NULL;NULL;NULL;0.00;pendiente;NULL;NULL;NULL
3193;2026-04-30;—;457;O07.10. Cesantias;GASTOS;1;Sin gestión de stock;NULL;NULL;NULL;0.00;pendiente;NULL;NULL;NULL
3194;2026-04-30;—;458;O07.11. Bonificaciones e incentivos;GASTOS;1;Sin gestión de stock;NULL;NULL;NULL;0.00;pendiente;NULL;NULL;NULL
3195;2026-04-30;—;459;O07.12. Pago Dividendos;GASTOS;1;Sin gestión de stock;NULL;NULL;NULL;0.00;pendiente;NULL;NULL;NULL
3196;2026-04-30;—;460;O07.13. Subsidio de transporte;GASTOS;1;Sin gestión de stock;NULL;NULL;NULL;0.00;pendiente;NULL;NULL;NULL
3197;2026-04-30;—;461;O07.14. Comision x desempéño;GASTOS;1;Sin gestión de stock;NULL;NULL;NULL;0.00;pendiente;NULL;NULL;NULL
3198;2026-04-30;—;462;O07.15. Pagos x Dia;GASTOS;1;Sin gestión de stock;NULL;NULL;NULL;0.00;pendiente;NULL;NULL;NULL
3199;2026-04-30;—;463;O07.16. Comisiones red de amigos;GASTOS;1;Sin gestión de stock;NULL;NULL;NULL;0.00;pendiente;NULL;NULL;NULL
3200;2026-04-30;—;464;O07.17. Comisiones a terceros;GASTOS;1;Sin gestión de stock;NULL;NULL;NULL;0.00;pendiente;NULL;NULL;NULL
3201;2026-04-30;—;465;O07.18. x;GASTOS;1;Sin gestión de stock;NULL;NULL;NULL;0.00;pendiente;NULL;NULL;NULL
3202;2026-04-30;—;466;O07.19. x;GASTOS;1;Sin gestión de stock;NULL;NULL;NULL;0.00;pendiente;NULL;NULL;NULL
3203;2026-04-30;—;467;O07.20. Pagos de Honorarios y dividendos General;GASTOS;1;Sin gestión de stock;NULL;NULL;NULL;0.00;pendiente;NULL;NULL;NULL
3204;2026-04-30;—;468;O08.04. Pago Intereses Socios;GASTOS;1;Sin gestión de stock;NULL;NULL;NULL;0.00;pendiente;NULL;NULL;NULL
3205;2026-04-30;—;469;O08.05. Pago Intereses Familiares y amigos;GASTOS;1;Sin gestión de stock;NULL;NULL;NULL;0.00;pendiente;NULL;NULL;NULL
3206;2026-04-30;—;470;O08.06. Pago Intereses Entidades Financieras;GASTOS;1;Sin gestión de stock;NULL;NULL;NULL;0.00;pendiente;NULL;NULL;NULL
3207;2026-04-30;—;471;O08.10. Pago Deudas e Intereses:;GASTOS;1;Sin gestión de stock;NULL;NULL;NULL;0.00;pendiente;NULL;NULL;NULL
3208;2026-04-30;—;472;O09.04. Inversiones Financieras;GASTOS;1;Sin gestión de stock;NULL;NULL;NULL;0.00;pendiente;NULL;NULL;NULL
3209;2026-04-30;—;473;O10.01. Cursos y mentorias;GASTOS;1;Sin gestión de stock;NULL;NULL;NULL;0.00;pendiente;NULL;NULL;NULL
3210;2026-04-30;—;474;O10.02. Talleres y seminarios;GASTOS;1;Sin gestión de stock;NULL;NULL;NULL;0.00;pendiente;NULL;NULL;NULL
3211;2026-04-30;—;475;O10.02. Estudios periodos medios;GASTOS;1;Sin gestión de stock;NULL;NULL;NULL;0.00;pendiente;NULL;NULL;NULL
3212;2026-04-30;—;476;O10.10. Capacitaciones y Asesorias General;GASTOS;1;Sin gestión de stock;NULL;NULL;NULL;0.00;pendiente;NULL;NULL;NULL
3231;2026-04-30;—;522;Exhibidor tableta pequeño;;1;Sin gestión de stock;NULL;NULL;NULL;12000.00;pendiente;NULL;NULL;NULL
3251;2026-04-30;—;564;Exhibidor Tableta Grande;;1;Sin gestión de stock;NULL;NULL;NULL;22000.00;pendiente;NULL;NULL;NULL
3302;2026-04-30;Principal;NM-05e27b;Chocobeetal 130 en proceso ;NO MATRICULADO (UND);0;NULL;0.00;8.00;8.00;0.00;contado;amaragonzalez21valen@gmail.com;2026-05-04 16:06:34;Artículo no matriculado. Unidad: UND
3303;2026-04-30;Principal;NM-38373a;Envase 750 etiquetado ;NO MATRICULADO (UND);0;NULL;0.00;4.00;4.00;0.00;contado;amaragonzalez21valen@gmail.com;2026-05-04 16:08:12;Artículo no matriculado. Unidad: UND
3304;2026-04-30;Principal;NM-d2d991;Envase 110 etiquetado;NO MATRICULADO (UND);0;NULL;0.00;8.00;8.00;0.00;contado;amaragonzalez21valen@gmail.com;2026-05-04 16:09:24;Artículo no matriculado. Unidad: UND
3305;2026-04-30;Principal;NM-4dcac1;Envase 500 etiquetado ;NO MATRICULADO (UND);0;NULL;0.00;8.00;8.00;0.00;contado;amaragonzalez21valen@gmail.com;2026-05-04 16:10:48;Artículo no matriculado. Unidad: UND
3306;2026-04-30;Principal;NM-4d5f18;Miel no conforme 275 ;NO MATRICULADO (UND);0;NULL;0.00;1.00;1.00;0.00;contado;amaragonzalez21valen@gmail.com;2026-05-04 16:18:25;Artículo no matriculado. Unidad: UND
2871;2026-04-30;Principal;11;CHOCOMIEL OS 250cc;TPT.01. VENTA AGROECOLOGICOS VARIOS;0;NULL;4.00;0.00;-4.00;7642.00;contado;lauramarcela758@gmail.com;2026-05-04 15:01:36;NULL
3058;2026-04-30;Principal;13;Miel Os San Carlos 150 grs;TPT.01. VENTA AGROECOLOGICOS VARIOS;0;NULL;0.00;0.00;0.00;4589.00;contado;lauramarcela758@gmail.com;2026-05-04 15:15:37;NULL
3059;2026-04-30;Principal;14;Miel Os San Carlos 275 grs;TPT.01. VENTA AGROECOLOGICOS VARIOS;0;NULL;-1.00;0.00;1.00;7361.50;contado;lauramarcela758@gmail.com;2026-05-04 15:15:53;NULL
3060;2026-04-30;Principal;15;Miel Os San Carlos 640 grs;TPT.01. VENTA AGROECOLOGICOS VARIOS;0;NULL;-9.00;0.00;9.00;13690.00;contado;lauramarcela758@gmail.com;2026-05-04 15:16:08;NULL
2872;2026-04-30;Principal;16;Chocolate Puro Cacao 500 grs Bombones LT;TPT.01. VENTA AGROECOLOGICOS VARIOS;0;NULL;5.00;2.00;-3.00;23913.00;contado;lauramarcela758@gmail.com;2026-05-04 14:58:37;NULL
2873;2026-04-30;Principal;20;POLEN DE ABEJA OS 80grs;TPT.01. VENTA AGROECOLOGICOS VARIOS;0;NULL;11.00;3.00;-8.00;6252.00;contado;lauramarcela758@gmail.com;2026-05-04 15:18:09;NULL
2874;2026-04-30;Principal;21;PROPOLEO OS 150 grs;TPT.01. VENTA AGROECOLOGICOS VARIOS;0;NULL;17.00;10.00;-7.00;4452.00;contado;lauramarcela758@gmail.com;2026-05-04 15:18:47;NULL
2875;2026-04-30;Principal;25;CREMA DE MANI OS 130 GRS;TPT.01. VENTA AGROECOLOGICOS VARIOS;0;NULL;26.00;29.00;3.00;6232.22;contado;lauramarcela758@gmail.com;2026-05-04 15:02:11;NULL
3061;2026-04-30;Principal;53;MIEL SAN MIGUEL CRUDA x KILO;T01.03. AGROECOLOGICOS GRAL;0;NULL;-0.95;0.00;0.95;16000.00;contado;lauramarcela758@gmail.com;2026-05-04 15:26:49;NULL
2876;2026-04-30;Principal;55;ALMENDRA DE CACAO SC LT KG;T01.03. AGROECOLOGICOS GRAL;0;NULL;38.00;38.10;0.10;15000.00;contado;amaragonzalez21valen@gmail.com;2026-05-04 14:51:16;NULL
3065;2026-04-30;Principal;60;MIEL FILTRADA SAN CARLOS x KILO;T01.03. AGROECOLOGICOS GRAL;0;NULL;0.00;0.00;0.00;22000.00;contado;amaragonzalez21valen@gmail.com;2026-05-04 15:08:04;NULL
3067;2026-04-30;Principal;64;TAPA METALICA B.53 UNICOR;T03.01. ENVASES Y TAPAS;0;NULL;0.00;0.00;0.00;325.25;contado;lauramarcela758@gmail.com;2026-05-04 15:39:11;NULL
3068;2026-04-30;Principal;68;TAPA METALICA DORADA B.38 UNICOR;T03.01. ENVASES Y TAPAS;0;NULL;0.00;0.00;0.00;183.20;contado;lauramarcela758@gmail.com;2026-05-04 15:30:04;NULL
3048;2026-04-30;Principal;70;ENVASE PET DISCORDOBA 500 CC B.28;T999. PRODUCTOS QUE NO SE USAN;0;NULL;0.00;0.00;0.00;475.00;contado;amaragonzalez21valen@gmail.com;2026-05-04 12:15:36;Anulado en Effi 29-abr (depuración) — stock al 29-abr según trazabilidad. Contar físico para confirmar baja real.
2877;2026-04-30;Principal;73;CHOCOLATE 100p X BLOQUE LT KG;T01.03. AGROECOLOGICOS GRAL;0;NULL;3.79;0.40;-3.39;33200.00;contado;amaragonzalez21valen@gmail.com;2026-05-04 14:56:54;NULL
3069;2026-04-30;Principal;77;ENVASE VIDRIO R 2670, 230 CC B.63 UNICOR;T03.01. ENVASES Y TAPAS;0;NULL;0.00;0.00;0.00;806.00;contado;lauramarcela758@gmail.com;2026-05-04 15:15:42;NULL
2878;2026-04-30;Principal;78;TAPA METALICA B.63 X UNIDAD;T03.01. ENVASES Y TAPAS;0;NULL;84.00;19.00;-65.00;370.00;contado;lauramarcela758@gmail.com;2026-05-04 15:34:58;NULL
2879;2026-04-30;Principal;80;CASCARILLA DE CACAO LT x KL;T01.03. AGROECOLOGICOS GRAL;0;NULL;94.90;96.00;1.10;4500.00;contado;amaragonzalez21valen@gmail.com;2026-05-04 14:48:26;NULL
3057;2026-04-30;Principal;82;ENVASE VIDRIO R 3590, 255 CC B.53 C Tapa  UNICOR;T999. PRODUCTOS QUE NO SE USAN;0;NULL;0.00;16.00;16.00;1270.00;contado;amaragonzalez21valen@gmail.com;2026-05-04 12:18:12;Anulado en Effi 29-abr (depuración) — stock al 29-abr según trazabilidad. Contar físico para confirmar baja real.
3070;2026-04-30;Principal;85;Envase Vidrio R 1264 Flint, 750cc, B. 63 C Tapa UNICOR;T03.01. ENVASES Y TAPAS;0;NULL;0.00;5.00;5.00;2205.00;contado;amaragonzalez21valen@gmail.com;2026-05-04 12:13:00;NULL
2880;2026-04-30;Principal;86;Envase Vidrio R mb110h Flint, 110cc, B. 46 C Tapa UNICOR;T03.01. ENVASES Y TAPAS;0;NULL;112.00;0.00;-112.00;1000.00;contado;amaragonzalez21valen@gmail.com;2026-05-04 12:14:54;NULL
2881;2026-04-30;Principal;87;Envase Vidrio R 2670 Flint, 230cc, B.63, C Tapa UNICOR;T03.01. ENVASES Y TAPAS;0;NULL;102.00;2.00;-100.00;1060.00;contado;amaragonzalez21valen@gmail.com;2026-05-04 12:13:17;NULL
3071;2026-04-30;Principal;88;Envase Vidrio 1263 Flint, 500cc, b.63, C Tapa UNICOR;T03.01. ENVASES Y TAPAS;0;NULL;0.00;0.00;0.00;1555.00;contado;amaragonzalez21valen@gmail.com;2026-05-04 12:07:04;NULL
2882;2026-04-30;Principal;90;Etiqueta Origen Silvestre tapa;T03.21. ETIQUETAS ADESIVAS;0;NULL;79.00;0.00;-79.00;390.00;contado;lauramarcela758@gmail.com;2026-05-04 13:00:33;NULL
3072;2026-04-30;Principal;93;CHOCOLATE MESA OS MOLDEADO X KG MOLDE  9 a 12 g;T01.03. AGROECOLOGICOS GRAL;0;NULL;-3.05;2.80;5.85;35420.00;contado;amaragonzalez21valen@gmail.com;2026-05-04 14:55:48;NULL
2883;2026-04-30;Principal;95;BOLSA FLEX UP MINI 133 X 170 80-160 GRS ALICO;T03.03. ENVASES ECOLOGICOS;0;NULL;3.00;2.00;-1.00;315.20;contado;amaragonzalez21valen@gmail.com;2026-05-04 12:52:22;NULL
2884;2026-04-30;Principal;96;BOLSA FLEX UP PEQUE 133 X 210 150-250 GRS ALICO;T03.03. ENVASES ECOLOGICOS;0;NULL;8.00;8.00;0.00;372.30;contado;amaragonzalez21valen@gmail.com;2026-05-04 12:54:40;NULL
2885;2026-04-30;Principal;97;BOLSA FLEX UP MED 160 X 240 350-450 GRS ALICO;T03.03. ENVASES ECOLOGICOS;0;NULL;11.00;6.00;-5.00;490.00;contado;amaragonzalez21valen@gmail.com;2026-05-04 12:57:17;NULL
3074;2026-04-30;Principal;98;BOLSA FLEX UP GRANDE 190 X 250 480-650 GRS ALICO;T03.03. ENVASES ECOLOGICOS;0;NULL;0.00;1.00;1.00;591.60;contado;amaragonzalez21valen@gmail.com;2026-05-04 12:58:18;NULL
2886;2026-04-30;Principal;99;BOLSA FLEX UP VENTANA PEQUE 133 X 210 150-250 GRS ALICO;T03.03. ENVASES ECOLOGICOS;0;NULL;8.00;1.00;-7.00;382.36;contado;amaragonzalez21valen@gmail.com;2026-05-04 12:55:54;NULL
2887;2026-04-30;Principal;100;BOLSA FLEX UP KRAFT 500g VENTANA MED 160 X 240 350-450 GRS ALICO;T03.03. ENVASES ECOLOGICOS;0;NULL;55.00;86.00;31.00;487.40;contado;amaragonzalez21valen@gmail.com;2026-05-04 13:47:51;NULL
2888;2026-04-30;Principal;101;BOLSA TRANSP VALVULA DOY PACK 10 X 18 + FFA 6cms 200 - 300 GRS (ABIERTA) Bolsa transparente con tapa pequeña ALICO;T03.03. ENVASES ECOLOGICOS;0;NULL;1.00;46.00;45.00;344.60;contado;amaragonzalez21valen@gmail.com;2026-05-04 12:36:20;NULL
2889;2026-04-30;Principal;102;BOLSA TRANSP VALVULA DOY PACK 10 X 18 + FFA 6cms 200 - 300 GRS (CERRADA) Bolsa transparente con tapa pequeña ALICO;T03.03. ENVASES ECOLOGICOS;0;NULL;45.00;45.00;0.00;345.00;contado;amaragonzalez21valen@gmail.com;2026-05-04 12:39:54;NULL
2890;2026-04-30;Principal;103;BOLSA TRANSP VALVULA DOY PACK 13.3 X 21 + FFA 7cms 300 - 400 GRS (ABIERTA) Bolsa transparente con tapa mediana ALICO;T03.03. ENVASES ECOLOGICOS;0;NULL;6.00;6.00;0.00;458.00;contado;amaragonzalez21valen@gmail.com;2026-05-04 12:43:43;NULL
2891;2026-04-30;Principal;104;BOLSA TRANSP VALVULA DOY PACK 13.3 X 21 + FFA 7cms 300 - 400 GRS (CERRADA) Bolsa transparente con tapa mediana ALICO;T03.03. ENVASES ECOLOGICOS;0;NULL;32.00;32.00;0.00;458.00;contado;amaragonzalez21valen@gmail.com;2026-05-04 12:42:56;NULL
3075;2026-04-30;Principal;113;VAINILLA EN VAINA UNIDAD;T01.03. AGROECOLOGICOS GRAL;0;NULL;0.00;20.00;20.00;25499.00;contado;amaragonzalez21valen@gmail.com;2026-05-04 15:16:47;NULL
3076;2026-04-30;Principal;114;MANI SIN CASCARA TOSTADO X KILO;T01.03. AGROECOLOGICOS GRAL;0;NULL;0.00;5.30;5.30;17000.00;contado;amaragonzalez21valen@gmail.com;2026-05-04 14:33:36;NULL
2892;2026-04-30;Principal;116;ALMENDRAS KG;T01.03. AGROECOLOGICOS GRAL;0;NULL;1.90;1.80;-0.10;42000.00;contado;amaragonzalez21valen@gmail.com;2026-05-04 14:35:53;NULL
2893;2026-04-30;Principal;134;Extracto de Vainilla en Miel OS x Kilo;T01.03. AGROECOLOGICOS GRAL;0;NULL;0.34;0.75;0.41;73725.00;contado;amaragonzalez21valen@gmail.com;2026-05-04 15:07:39;NULL
2894;2026-04-30;Principal;137;MANI SIN CASCARA X KILO;T01.03. AGROECOLOGICOS GRAL;0;NULL;18.00;0.00;-18.00;11000.00;contado;amaragonzalez21valen@gmail.com;2026-05-04 14:33:43;NULL
2895;2026-04-30;Principal;138;BOLSA PLANA FLEXIBLE TRANSPARENTE SIN IMPRESION 6 X 20 CM 70 MICRAS - CON VALVULA - PERFORACION;T03.03. ENVASES ECOLOGICOS;0;NULL;71.00;71.00;0.00;271.43;contado;amaragonzalez21valen@gmail.com;2026-05-04 12:42:35;NULL
3078;2026-04-30;Principal;139;BOLSA DOY PACK PET/FLEXIBLE SIN IMPRESION TRANSPARENTE 7.0 X 8.0 80 MICRAS CON VALVULA;T03.03. ENVASES ECOLOGICOS;0;NULL;0.00;0.00;0.00;0.00;contado;lauramarcela758@gmail.com;2026-05-04 15:23:25;NULL
2896;2026-04-30;Principal;140;RECIPACK 2.0 - AB 100X180FFA60MM FLEX UP TTE;T03.03. ENVASES ECOLOGICOS;0;NULL;27.00;1.00;-26.00;236.00;contado;amaragonzalez21valen@gmail.com;2026-05-04 15:35:56;NULL
2897;2026-04-30;Principal;141;RECIPACK 2.0-AB 133X210FFA70MM FLEX UP TTE;T03.03. ENVASES ECOLOGICOS;0;NULL;19.00;19.00;0.00;216.00;contado;amaragonzalez21valen@gmail.com;2026-05-04 15:32:29;NULL
2898;2026-04-30;Principal;142;RECIPACK 2.0 160X240FFA80MM FLEX UP TTE;T03.03. ENVASES ECOLOGICOS;0;NULL;27.00;11.00;-16.00;279.00;contado;amaragonzalez21valen@gmail.com;2026-05-04 15:33:49;NULL
2899;2026-04-30;Principal;143;BOLSA FLEX METAL 250g UP PET/COEXT HBA COLOR ON VENTANA 14 X 22 CM + FFA 8 CM 130 MICRAS CON ZIPPER ALICO;T03.03. ENVASES ECOLOGICOS;0;NULL;143.00;170.00;27.00;476.68;contado;amaragonzalez21valen@gmail.com;2026-05-04 13:37:47;NULL
2900;2026-04-30;Principal;144;CUCHARA MIELERA PEQUEÑA;TPT.01. VENTA AGROECOLOGICOS VARIOS;0;NULL;41.00;42.00;1.00;1715.00;contado;lauramarcela758@gmail.com;2026-05-04 15:08:04;NULL
2901;2026-04-30;Principal;145;CUCHARA MIELERA MEDIANA;TPT.01. VENTA AGROECOLOGICOS VARIOS;0;NULL;7.00;7.00;0.00;2550.00;contado;lauramarcela758@gmail.com;2026-05-04 15:07:10;NULL
2902;2026-04-30;Principal;146;POLEN APICA X KILO;T01.03. AGROECOLOGICOS GRAL;0;NULL;0.08;5.50;5.42;48500.00;contado;amaragonzalez21valen@gmail.com;2026-05-04 15:10:36;NULL
2903;2026-04-30;Principal;147;PROPOLEO APICA X KILO;T01.03. AGROECOLOGICOS GRAL;0;NULL;2.48;0.85;-1.63;17850.00;contado;amaragonzalez21valen@gmail.com;2026-05-04 15:06:45;NULL
2904;2026-04-30;Principal;151;CREMA DE MANI OS X KILO;T01.03. AGROECOLOGICOS GRAL;0;NULL;0.21;0.00;-0.21;29694.00;contado;lauramarcela758@gmail.com;2026-05-04 14:53:13;NULL
2905;2026-04-30;Principal;163;Miel OS Panal 150 grs;TPT.01. VENTA AGROECOLOGICOS VARIOS;0;NULL;9.00;1.00;-8.00;4589.00;contado;lauramarcela758@gmail.com;2026-05-04 15:14:08;NULL
2906;2026-04-30;Principal;164;Miel OS Panal 275 grs;TPT.01. VENTA AGROECOLOGICOS VARIOS;0;NULL;8.00;0.00;-8.00;7361.00;contado;lauramarcela758@gmail.com;2026-05-04 15:14:24;NULL
2907;2026-04-30;Principal;167;MENTA SECA X KG;T01.03. AGROECOLOGICOS GRAL;0;NULL;0.40;0.40;0.00;50.00;contado;amaragonzalez21valen@gmail.com;2026-05-04 15:17:17;NULL
2908;2026-04-30;Principal;169;PROPOLEO OS 265 grs;TPT.01. VENTA AGROECOLOGICOS VARIOS;0;NULL;17.00;11.00;-6.00;6940.00;contado;lauramarcela758@gmail.com;2026-05-04 15:19:04;NULL
2909;2026-04-30;Principal;171;POLEN DE ABEJA OS 150 GRS;TPT.01. VENTA AGROECOLOGICOS VARIOS;0;NULL;8.00;3.00;-5.00;9975.00;contado;lauramarcela758@gmail.com;2026-05-04 15:17:46;NULL
2910;2026-04-30;Principal;172;CUCHARA MIELERA GRANDE;TPT.01. VENTA AGROECOLOGICOS VARIOS;0;NULL;1.00;2.00;1.00;2850.00;contado;lauramarcela758@gmail.com;2026-05-04 15:06:37;NULL
2911;2026-04-30;Principal;173;Muestra Chocolate de mesa 2 porciones;TPT.02. VENTA OTROS;0;NULL;5.00;0.00;-5.00;2000.00;contado;amaragonzalez21valen@gmail.com;2026-05-04 15:37:57;NULL
2912;2026-04-30;Principal;178;NIBS DE CACAO X KG LT;T01.03. AGROECOLOGICOS GRAL;0;NULL;29.52;23.10;-6.42;24000.00;contado;amaragonzalez21valen@gmail.com;2026-05-04 14:44:55;NULL
2913;2026-04-30;Principal;179;Empaque mini para muestra de chocolate de mesa;T03.41. CAJAS;0;NULL;74.00;74.00;0.00;1000.00;contado;amaragonzalez21valen@gmail.com;2026-05-04 12:44:49;NULL
3084;2026-04-30;Principal;180;TAPA METALICA DORADA B.48;T03.01. ENVASES Y TAPAS;0;NULL;0.00;0.00;0.00;462.00;contado;lauramarcela758@gmail.com;2026-05-04 15:27:55;NULL
2914;2026-04-30;Principal;183;Azucar de Coco Organica x kg;T01.03. AGROECOLOGICOS GRAL;0;NULL;4.20;4.80;0.60;75000.00;contado;amaragonzalez21valen@gmail.com;2026-05-04 15:13:13;NULL
2915;2026-04-30;Principal;187;CREMA DE MANI OS 230 GRS;TPT.01. VENTA AGROECOLOGICOS VARIOS;0;NULL;14.00;7.00;-7.00;9326.00;contado;lauramarcela758@gmail.com;2026-05-04 15:02:54;NULL
2916;2026-04-30;Principal;193;MANTECA DE CACAO X KG;T01.03. AGROECOLOGICOS GRAL;0;NULL;1.40;0.00;-1.40;92000.00;contado;amaragonzalez21valen@gmail.com;2026-05-04 15:13:34;NULL
2917;2026-04-30;Principal;195;MARAÑON x KILO MARZO 2024;T01.03. AGROECOLOGICOS GRAL;0;NULL;0.30;0.30;0.00;62000.00;contado;amaragonzalez21valen@gmail.com;2026-05-04 14:38:02;NULL
2918;2026-04-30;Principal;196;MACADAMIA TOSTADA X KILO;T01.03. AGROECOLOGICOS GRAL;0;NULL;1.50;1.40;-0.10;100000.00;contado;amaragonzalez21valen@gmail.com;2026-05-04 14:39:59;NULL
3046;2026-04-30;Principal;199;DS LECITINA 60 CC. MARZO 2024;T999. PRODUCTOS QUE NO SE USAN;0;NULL;0.00;0.00;0.00;0.00;contado;lauramarcela758@gmail.com;2026-05-04 14:02:44;Anulado en Effi 29-abr (depuración) — stock al 29-abr según trazabilidad. Contar físico para confirmar baja real.
3047;2026-04-30;Principal;204;DS MOSTAZA AMARILLA MARZO 2024;T999. PRODUCTOS QUE NO SE USAN;0;NULL;0.00;0.00;0.00;0.00;contado;lauramarcela758@gmail.com;2026-05-04 14:04:10;Anulado en Effi 29-abr (depuración) — stock al 29-abr según trazabilidad. Contar físico para confirmar baja real.
3090;2026-04-30;Principal;205;JENGIBRE EN POLVO X Kg;T01.03. AGROECOLOGICOS GRAL;0;NULL;0.00;0.00;0.00;0.00;contado;lauramarcela758@gmail.com;2026-05-04 14:55:00;NULL
3091;2026-04-30;Principal;208;Envase Vidrio R mb110h Flint, 110cc, B. 46 UNICOR;T03.01. ENVASES Y TAPAS;0;NULL;0.00;0.00;0.00;1020.20;contado;amaragonzalez21valen@gmail.com;2026-05-04 12:15:10;NULL
3092;2026-04-30;Principal;209;DS ROMERO EN RAMA X KG;DESARROLLO DE PRODUCTO;0;NULL;0.00;0.00;0.00;20000.00;contado;lauramarcela758@gmail.com;2026-05-04 14:51:08;NULL
3098;2026-04-30;Principal;227;DS Aceite de Coco X kg;DESARROLLO DE PRODUCTO;0;NULL;0.00;0.00;0.00;52300.00;contado;lauramarcela758@gmail.com;2026-05-04 14:50:39;NULL
3099;2026-04-30;Principal;229;DS JENGIBRE RAIZ X KG;DESARROLLO DE PRODUCTO;0;NULL;0.00;0.00;0.00;20000.00;contado;lauramarcela758@gmail.com;2026-05-04 14:51:02;NULL
2919;2026-04-30;Principal;231;POLEN DE ABEJA OS 320 GRS;TPT.01. VENTA AGROECOLOGICOS VARIOS;0;NULL;6.00;1.00;-5.00;18600.00;contado;lauramarcela758@gmail.com;2026-05-04 15:17:55;NULL
2920;2026-04-30;Principal;232;Envase Vidrio MB50H Flint, 50cc, B. 46 C Tapa UNICOR;T03.01. ENVASES Y TAPAS;0;NULL;72.00;79.00;7.00;827.00;contado;amaragonzalez21valen@gmail.com;2026-05-04 12:14:08;NULL
3100;2026-04-30;Principal;233;Envase Vidrio MB30R Flint, 30cc, B. 41 C Tapa UNICOR;T03.01. ENVASES Y TAPAS;0;NULL;0.00;0.00;0.00;784.00;contado;amaragonzalez21valen@gmail.com;2026-05-04 12:07:38;NULL
2921;2026-04-30;Principal;237;PROPOLEO OS 600 grs;TPT.01. VENTA AGROECOLOGICOS VARIOS;0;NULL;6.00;5.00;-1.00;13190.00;contado;lauramarcela758@gmail.com;2026-05-04 15:19:20;NULL
2922;2026-04-30;Principal;238;Infusión de Cacao con Menta y Polen 200 grs;TPT.01. VENTA AGROECOLOGICOS VARIOS;0;NULL;5.00;1.00;-4.00;6371.00;contado;lauramarcela758@gmail.com;2026-05-04 15:09:24;NULL
2923;2026-04-30;Principal;239;Miel Os San Carlos 1000 grs;TPT.01. VENTA AGROECOLOGICOS VARIOS;0;NULL;1.00;0.00;-1.00;20337.00;contado;lauramarcela758@gmail.com;2026-05-04 15:15:22;NULL
3104;2026-04-30;Principal;240;Miel OS Panal 640 grs;TPT.01. VENTA AGROECOLOGICOS VARIOS;0;NULL;0.00;0.00;0.00;15065.00;contado;lauramarcela758@gmail.com;2026-05-04 15:14:42;NULL
2924;2026-04-30;Principal;241;CREMA DE MANI OS 500 GRS;TPT.01. VENTA AGROECOLOGICOS VARIOS;0;NULL;4.00;0.00;-4.00;17927.00;contado;lauramarcela758@gmail.com;2026-05-04 15:03:11;NULL
2925;2026-04-30;Principal;244;PANELA PULVERIZADA X KG;DESARROLLO DE PRODUCTO;0;NULL;7.80;5.90;-1.90;8700.00;contado;lauramarcela758@gmail.com;2026-05-04 15:18:13;NULL
2926;2026-04-30;Principal;252;BOLSA PLANA FLEXIBLE 25X35cms con valvula;T03.31. BOLSAS PLASTICAS;0;NULL;36.00;36.00;0.00;776.11;contado;amaragonzalez21valen@gmail.com;2026-05-04 12:30:14;NULL
2927;2026-04-30;Principal;253;BOLSA FLEX UP 16 X 26 CON VALVULA;T03.31. BOLSAS PLASTICAS;0;NULL;10.00;11.00;1.00;693.48;contado;amaragonzalez21valen@gmail.com;2026-05-04 12:41:23;NULL
2928;2026-04-30;Principal;254;BOLSA PLANA FLEXIBLE15 X 20 CM CON VALVULA;T03.31. BOLSAS PLASTICAS;0;NULL;15.00;15.00;0.00;302.81;contado;amaragonzalez21valen@gmail.com;2026-05-04 12:42:01;NULL
3109;2026-04-30;Principal;256;BOLSA PAPEL CON CARGADERA 50uds 23.5 x12 x 33 SIGMAPLAST;T03.31. BOLSAS DE PAPEL;0;NULL;0.00;0.00;0.00;0.00;contado;amaragonzalez21valen@gmail.com;2026-05-04 13:00:37;NULL
2929;2026-04-30;Principal;261;ALMENDRA DE CACAO TOSTADA X KILO;T01.04. CACAO/CAFE ALMENDRAS ECOLOGICO;0;NULL;2.20;2.20;0.00;25000.00;contado;amaragonzalez21valen@gmail.com;2026-05-04 14:52:37;NULL
3114;2026-04-30;Principal;262;ETIQUETA MIEL 640 X UNIDAD;T03.21. ETIQUETAS ADESIVAS;0;NULL;0.00;90.00;90.00;300.00;contado;lauramarcela758@gmail.com;2026-05-04 12:17:33;NULL
2930;2026-04-30;Principal;263;ETIQUETA MIEL 1000 X UNIDAD;T03.21. ETIQUETAS ADESIVAS;0;NULL;132.00;192.00;60.00;300.00;contado;lauramarcela758@gmail.com;2026-05-04 12:12:08;NULL
2931;2026-04-30;Principal;264;ETIQUETA CREMA DE MANÍ 500 X UNIDAD;T03.21. ETIQUETAS ADESIVAS;0;NULL;72.00;73.00;1.00;300.00;contado;lauramarcela758@gmail.com;2026-05-04 11:54:07;NULL
2932;2026-04-30;Principal;272;Chocolate Puro Cacao 250 grs Bombones LT;TPT.01. VENTA AGROECOLOGICOS VARIOS;0;NULL;13.00;8.00;-5.00;13279.00;contado;lauramarcela758@gmail.com;2026-05-04 14:57:54;NULL
3045;2026-04-30;Principal;274;DS CREMA DE AVELLANAS X KG;DESARROLLO DE PRODUCTO;0;NULL;0.00;0.00;0.00;72000.00;contado;lauramarcela758@gmail.com;2026-05-04 14:50:50;Anulado en Effi 29-abr (depuración) — stock al 29-abr según trazabilidad. Contar físico para confirmar baja real.
2933;2026-04-30;Principal;275;CHOCOBEETAL X KG;T01.03. AGROECOLOGICOS GRAL;0;NULL;0.94;0.00;-0.94;26964.00;contado;lauramarcela758@gmail.com;2026-05-04 14:52:26;NULL
3118;2026-04-30;Principal;278;MIX FRUTOS SECOS SELECCIONADOS 200 GRS;TPT.01. VENTA AGROECOLOGICOS VARIOS;0;NULL;0.00;0.00;0.00;12939.00;contado;lauramarcela758@gmail.com;2026-05-04 15:16:57;NULL
2935;2026-04-30;Principal;283;Etiquetas chocolate Bombon 250g Delantera x unidad;T03.21. ETIQUETAS ADESIVAS;0;NULL;36.00;30.00;-6.00;1250.00;contado;lauramarcela758@gmail.com;2026-05-04 13:44:24;NULL
3122;2026-04-30;Principal;284;Etiquetas Infusión 200g Delantera x unidad;T03.21. ETIQUETAS ADESIVAS;0;NULL;0.00;57.00;57.00;1250.00;contado;lauramarcela758@gmail.com;2026-05-04 13:47:43;NULL
2936;2026-04-30;Principal;289;Etiqueta Nibs de cacao 200g delantera x unidad;T03.21. ETIQUETAS ADESIVAS;0;NULL;28.00;40.00;12.00;800.00;contado;lauramarcela758@gmail.com;2026-05-04 12:58:39;NULL
3124;2026-04-30;Principal;290;Etiqueta Miel 150;T03.21. ETIQUETAS ADESIVAS;0;NULL;0.00;81.00;81.00;300.00;contado;lauramarcela758@gmail.com;2026-05-04 12:13:27;NULL
3125;2026-04-30;Principal;291;Etiqueta Miel 275;T03.21. ETIQUETAS ADESIVAS;0;NULL;0.00;83.00;83.00;300.00;contado;lauramarcela758@gmail.com;2026-05-04 12:14:37;NULL
2937;2026-04-30;Principal;295;Etiqueta Polen 80;T03.21. ETIQUETAS ADESIVAS;0;NULL;43.00;43.00;0.00;300.00;contado;lauramarcela758@gmail.com;2026-05-04 13:06:28;NULL
2938;2026-04-30;Principal;296;Etiqueta Polen 150;T03.21. ETIQUETAS ADESIVAS;0;NULL;27.00;32.00;5.00;300.00;contado;lauramarcela758@gmail.com;2026-05-04 13:04:00;NULL
2939;2026-04-30;Principal;297;Etiqueta Polen 320;T03.21. ETIQUETAS ADESIVAS;0;NULL;116.00;116.00;0.00;300.00;contado;lauramarcela758@gmail.com;2026-05-04 13:05:17;NULL
3126;2026-04-30;Principal;298;Etiqueta Propóleo 150;T03.21. ETIQUETAS ADESIVAS;0;NULL;0.00;48.00;48.00;300.00;contado;lauramarcela758@gmail.com;2026-05-04 13:09:08;NULL
2940;2026-04-30;Principal;299;Etiqueta Propóleo 265;T03.21. ETIQUETAS ADESIVAS;0;NULL;40.00;100.00;60.00;300.00;contado;lauramarcela758@gmail.com;2026-05-04 13:10:47;NULL
2941;2026-04-30;Principal;300;Etiqueta Propóleo 600;T03.21. ETIQUETAS ADESIVAS;0;NULL;35.00;50.00;15.00;300.00;contado;lauramarcela758@gmail.com;2026-05-04 13:16:06;NULL
2942;2026-04-30;Principal;301;Etiqueta Crema de Maní 130;T03.21. ETIQUETAS ADESIVAS;0;NULL;16.00;20.00;4.00;300.00;contado;lauramarcela758@gmail.com;2026-05-04 11:53:04;NULL
2943;2026-04-30;Principal;302;Etiqueta Crema de Maní 230;T03.21. ETIQUETAS ADESIVAS;0;NULL;49.00;102.00;53.00;300.00;contado;lauramarcela758@gmail.com;2026-05-04 11:54:25;NULL
2944;2026-04-30;Principal;305;Crema de mani OS degustacion 65 grs;TPT.01. VENTA AGROECOLOGICOS VARIOS;0;NULL;6.00;4.00;-2.00;3000.00;contado;lauramarcela758@gmail.com;2026-05-04 15:03:28;NULL
2945;2026-04-30;Principal;306;Miel OS degustacion 65 grs;TPT.01. VENTA AGROECOLOGICOS VARIOS;0;NULL;3.00;0.00;-3.00;2000.00;contado;lauramarcela758@gmail.com;2026-05-04 15:13:56;NULL
2946;2026-04-30;Principal;307;Propóleo OS degustacion 65 grs;TPT.01. VENTA AGROECOLOGICOS VARIOS;0;NULL;8.00;0.00;-8.00;2000.00;contado;lauramarcela758@gmail.com;2026-05-04 15:19:37;NULL
2947;2026-04-30;Principal;308;NIBS DE CACAO ORGANICO OS 200 GRS;TPT.01. VENTA AGROECOLOGICOS VARIOS;0;NULL;3.00;0.00;-3.00;8726.00;contado;lauramarcela758@gmail.com;2026-05-04 15:17:23;NULL
2948;2026-04-30;Principal;309;Bolsa plana flexible transparente 25x40cms;T03.31. BOLSAS PLASTICAS;0;NULL;185.00;185.00;0.00;375.00;contado;amaragonzalez21valen@gmail.com;2026-05-04 12:35:11;NULL
2949;2026-04-30;Principal;310;Etiqueta Almendra de Cacao 200g delantera x unidad;T03.21. ETIQUETAS ADESIVAS;0;NULL;6.00;6.00;0.00;1350.00;contado;lauramarcela758@gmail.com;2026-05-04 11:27:42;NULL
2950;2026-04-30;Principal;311;ETIQUETA MIX FRUTOS SECOS 200G DELANTERA X UNIDAD;T03.21. ETIQUETAS ADESIVAS;0;NULL;52.00;52.00;0.00;1350.00;contado;lauramarcela758@gmail.com;2026-05-04 12:47:53;NULL
2951;2026-04-30;Principal;312;Etiquetas Chocolate 500g Bombon Delantera x unidad;T03.21. ETIQUETAS ADESIVAS;0;NULL;30.00;51.00;21.00;1125.00;contado;lauramarcela758@gmail.com;2026-05-04 13:39:24;NULL
2952;2026-04-30;Principal;315;ALMENDRA DE CACAO ORGANICO TOSTADA 200 GRS;TPT.01. VENTA AGROECOLOGICOS VARIOS;0;NULL;6.00;9.00;3.00;8203.00;contado;lauramarcela758@gmail.com;2026-05-04 14:22:41;NULL
2953;2026-04-30;Principal;316;MIX FRUTOS SECOS SELECCIONADOS 100 GRS;TPT.01. VENTA AGROECOLOGICOS VARIOS;0;NULL;2.00;0.00;-2.00;8068.00;contado;lauramarcela758@gmail.com;2026-05-04 15:16:37;NULL
3128;2026-04-30;Principal;317;NIBS DE CACAO ORGANICO OS 100 GRS;TPT.01. VENTA AGROECOLOGICOS VARIOS;0;NULL;0.00;0.00;0.00;5605.00;contado;lauramarcela758@gmail.com;2026-05-04 15:17:12;NULL
2954;2026-04-30;Principal;318;ALMENDRA DE CACAO ORGANICO TOSTADA 100 GRS;TPT.01. VENTA AGROECOLOGICOS VARIOS;0;NULL;13.00;9.00;-4.00;5433.00;contado;lauramarcela758@gmail.com;2026-05-04 14:22:02;NULL
3129;2026-04-30;Principal;319;COBERTURA CHOCOLATE CPM 73% OS X KILO;T01.03. AGROECOLOGICOS GRAL;0;NULL;-7.80;0.00;7.80;43432.00;contado;amaragonzalez21valen@gmail.com;2026-05-04 14:59:33;NULL
2955;2026-04-30;Principal;320;Tableta Chocolate 73p 50 grs CPM;TPT.01. VENTA AGROECOLOGICOS VARIOS;0;NULL;16.00;6.00;-10.00;5200.00;contado;lauramarcela758@gmail.com;2026-05-04 15:22:29;NULL
3130;2026-04-30;Principal;321;CHOCOLATE MESA GRANULADO OS BOLSA 1 KILO;TPT.02. VENTA OTROS;0;NULL;0.00;0.00;0.00;41275.00;contado;amaragonzalez21valen@gmail.com;2026-05-04 13:14:54;NULL
2956;2026-04-30;Principal;322;TAPA METÁLICA B46 X UNIDAD;T03.01. ENVASES Y TAPAS;0;NULL;24.00;92.00;68.00;200.00;contado;lauramarcela758@gmail.com;2026-05-04 15:32:51;NULL
3131;2026-04-30;Principal;323;PANAL DE ABEJAS X KILO;T01.03. AGROECOLOGICOS GRAL;0;NULL;0.00;0.00;0.00;16500.00;contado;lauramarcela758@gmail.com;2026-05-04 15:27:26;NULL
2957;2026-04-30;Principal;325;ENVASE 230G CON PANAL X UNIDAD;T01.03. AGROECOLOGICOS GRAL;0;NULL;21.00;29.00;8.00;0.00;contado;amaragonzalez21valen@gmail.com;2026-05-04 12:03:50;NULL
2958;2026-04-30;Principal;326;ENVASE DE 110CC CON PANAL;T01.03. AGROECOLOGICOS GRAL;0;NULL;25.00;29.00;4.00;0.00;contado;amaragonzalez21valen@gmail.com;2026-05-04 12:04:13;NULL
2959;2026-04-30;Principal;329;ETIQUETA MIX FRUTOS SECOS 100G DELANTERA X UNIDAD;T03.21. ETIQUETAS ADESIVAS;0;NULL;134.00;134.00;0.00;410.00;contado;lauramarcela758@gmail.com;2026-05-04 12:45:28;NULL
2960;2026-04-30;Principal;330;ETIQUETA ALMENDRA DE CACAO 100G DELANTERA  X UNIDAD;T03.21. ETIQUETAS ADESIVAS;0;NULL;57.00;68.00;11.00;410.00;contado;lauramarcela758@gmail.com;2026-05-04 11:25:47;NULL
2961;2026-04-30;Principal;331;ETIQUETA NIBS DE CACAO 100G delantera x unidad;T03.21. ETIQUETAS ADESIVAS;0;NULL;77.00;13.00;-64.00;410.00;contado;lauramarcela758@gmail.com;2026-05-04 12:51:46;NULL
2962;2026-04-30;Principal;332;BOLSA DOY PACK 100g PET/FLEXIBLE TRANSP. SIN IMP. 10x18 zipper (alt.recipack);T03.31. BOLSAS PLASTICAS;0;NULL;212.00;177.00;-35.00;248.39;contado;amaragonzalez21valen@gmail.com;2026-05-04 12:38:09;NULL
2963;2026-04-30;Principal;333;BOLSA PLANA FLEXIBLE SIN IMPRESION TRANSPARENTE 32X42 EMPAQUE MAT. PRIMA;T03.31. BOLSAS PLASTICAS;0;NULL;154.00;152.00;-2.00;465.49;contado;amaragonzalez21valen@gmail.com;2026-05-04 12:32:37;NULL
3132;2026-04-30;Principal;337;ENVASE MB50R FLINT 50CCTO B.45 DEGUSTACION REDONDO;T03.01. ENVASES Y TAPAS;0;NULL;0.00;0.00;0.00;915.00;contado;amaragonzalez21valen@gmail.com;2026-05-04 12:06:46;NULL
2964;2026-04-30;Principal;338;BOLSA PLANA PET METALIZADA / FLEXIBLE SIN IMPRESION 16X22 EMPAQUE COBERTURA;T03.31. BOLSAS PLASTICAS;0;NULL;4.00;4.00;0.00;318.00;contado;amaragonzalez21valen@gmail.com;2026-05-04 12:46:46;NULL
2965;2026-04-30;Principal;339;INFUSION DE CACAO CON MENTA Y POLEN X KILO PRODUCTO EN PROCESO;T01.03. AGROECOLOGICOS GRAL;0;NULL;1.60;1.60;0.00;30000.00;contado;amaragonzalez21valen@gmail.com;2026-05-04 14:53:53;NULL
2966;2026-04-30;Principal;341;BOLSA PLANA PET METALIZADA  FELXIBLE 16X28CM;T03.31. BOLSAS PLASTICAS;0;NULL;50.00;50.00;0.00;405.00;contado;amaragonzalez21valen@gmail.com;2026-05-04 12:47:19;NULL
3134;2026-04-30;Principal;342;MIEL OS CARMEN X KILO;T01.03. AGROECOLOGICOS GRAL;0;NULL;-9.84;0.00;9.84;19000.00;contado;amaragonzalez21valen@gmail.com;2026-05-04 15:08:10;NULL
2967;2026-04-30;Principal;343;ETIQUETA CHOCOMIEL 250;T03.21. ETIQUETAS ADESIVAS;0;NULL;33.00;27.00;-6.00;150.00;contado;lauramarcela758@gmail.com;2026-05-04 11:34:36;NULL
2968;2026-04-30;Principal;344;ETIQUETA CHOCOMIEL 135;T03.21. ETIQUETAS ADESIVAS;0;NULL;64.00;64.00;0.00;150.00;contado;lauramarcela758@gmail.com;2026-05-04 11:33:56;NULL
2969;2026-04-30;Principal;346;CHOCOMIEL 80/20 x Kg;T01.03. AGROECOLOGICOS GRAL;0;NULL;0.01;0.00;-0.01;21276.00;contado;lauramarcela758@gmail.com;2026-05-04 14:52:53;NULL
3135;2026-04-30;Principal;347;Miel OS Carmen 150 grs;TPT.01. VENTA AGROECOLOGICOS VARIOS;0;NULL;0.00;0.00;0.00;4664.00;contado;lauramarcela758@gmail.com;2026-05-04 15:12:32;NULL
3136;2026-04-30;Principal;348;Miel OS Carmen 275 grs;TPT.01. VENTA AGROECOLOGICOS VARIOS;0;NULL;0.00;0.00;0.00;7499.00;contado;lauramarcela758@gmail.com;2026-05-04 15:12:44;NULL
2970;2026-04-30;Principal;349;Miel OS Carmen 640 grs;TPT.01. VENTA AGROECOLOGICOS VARIOS;0;NULL;12.00;0.00;-12.00;14010.00;contado;lauramarcela758@gmail.com;2026-05-04 15:13:04;NULL
3137;2026-04-30;Principal;350;Miel OS Carmen 1000 grs;TPT.01. VENTA AGROECOLOGICOS VARIOS;0;NULL;0.00;0.00;0.00;20837.00;contado;lauramarcela758@gmail.com;2026-05-04 15:12:17;NULL
3053;2026-04-30;Principal;351;ETIQUETA MIEL OS CARMEN CRISTALIZADA  150G;T03.21. ETIQUETAS ADESIVAS;0;NULL;0.00;3.00;3.00;150.00;contado;lauramarcela758@gmail.com;2026-05-04 12:40:41;Anulado en Effi 29-abr (depuración) — stock al 29-abr según trazabilidad. Contar físico para confirmar baja real.
3054;2026-04-30;Principal;352;ETIQUETA MIEL OS CARMEN CRISTALIZADA  275G;T03.21. ETIQUETAS ADESIVAS;0;NULL;0.00;11.00;11.00;150.00;contado;lauramarcela758@gmail.com;2026-05-04 12:41:18;Anulado en Effi 29-abr (depuración) — stock al 29-abr según trazabilidad. Contar físico para confirmar baja real.
3055;2026-04-30;Principal;353;ETIQUETA MIEL OS CARMEN CRISTALIZADA  640G;T03.21. ETIQUETAS ADESIVAS;0;NULL;0.00;26.00;26.00;150.00;contado;lauramarcela758@gmail.com;2026-05-04 12:42:18;Anulado en Effi 29-abr (depuración) — stock al 29-abr según trazabilidad. Contar físico para confirmar baja real.
3052;2026-04-30;Principal;354;ETIQUETA MIEL OS CARMEN CRISTALIZADA  1000G;T03.21. ETIQUETAS ADESIVAS;0;NULL;0.00;5.00;5.00;150.00;contado;lauramarcela758@gmail.com;2026-05-04 12:39:52;Anulado en Effi 29-abr (depuración) — stock al 29-abr según trazabilidad. Contar físico para confirmar baja real.
2971;2026-04-30;Principal;355;CHOCOMIEL OS 135cc;TPT.01. VENTA AGROECOLOGICOS VARIOS;0;NULL;2.00;2.00;0.00;6737.00;contado;lauramarcela758@gmail.com;2026-05-04 15:01:22;NULL
2972;2026-04-30;Principal;360;Chocomiel degustacion 65g;TPT.01. VENTA AGROECOLOGICOS VARIOS;0;NULL;7.00;0.00;-7.00;3000.00;contado;lauramarcela758@gmail.com;2026-05-04 15:00:59;NULL
3138;2026-04-30;Principal;361;Miel Os Carmen degustacion 65 grs;TPT.01. VENTA AGROECOLOGICOS VARIOS;0;NULL;0.00;0.00;0.00;1.00;contado;lauramarcela758@gmail.com;2026-05-04 15:13:18;NULL
3139;2026-04-30;Principal;363;MACADAMIA CRUDA (SIN TOSTAR) X KILO;T01.03. AGROECOLOGICOS GRAL;0;NULL;0.00;0.70;0.70;90000.00;contado;amaragonzalez21valen@gmail.com;2026-05-04 14:40:46;NULL
3140;2026-04-30;Principal;367;CREMA DE MACADAMIA X KILO;DESARROLLO DE PRODUCTO;0;NULL;0.00;0.00;0.00;140000.00;contado;amaragonzalez21valen@gmail.com;2026-05-04 14:40:27;NULL
3056;2026-04-30;Principal;372;DS Crema de miel x Kg;T999. PRODUCTOS QUE NO SE USAN;0;NULL;0.00;0.00;0.00;15000.00;contado;lauramarcela758@gmail.com;2026-05-04 14:02:29;Anulado en Effi 29-abr (depuración) — stock al 29-abr según trazabilidad. Contar físico para confirmar baja real.
2973;2026-04-30;Principal;373;MIEL FILTRADA  PASTEURIZADA SAN CARLOS x KILO;T01.03. AGROECOLOGICOS GRAL;0;NULL;2.01;0.00;-2.01;23000.00;contado;amaragonzalez21valen@gmail.com;2026-05-04 15:07:46;NULL
2974;2026-04-30;Principal;374;BOLSA GRAN FORMATO 13KG EMPAQUE MAT. PRIMA;T03.31. BOLSAS PLASTICAS;0;NULL;1.00;1.00;0.00;2566.36;contado;amaragonzalez21valen@gmail.com;2026-05-04 12:31:58;NULL
3142;2026-04-30;Principal;375;BOLSA VERDE 35KG IMPRESA EMPAQUE MAT. PRIMA;T03.31. BOLSAS PLASTICAS;0;NULL;0.00;0.00;0.00;6647.00;contado;amaragonzalez21valen@gmail.com;2026-05-04 13:41:20;NULL
2975;2026-04-30;Principal;376;Etiquetas Chocolate 500g granulado Delantera x unidad;T03.21. ETIQUETAS ADESIVAS;0;NULL;39.00;44.00;5.00;1125.00;contado;lauramarcela758@gmail.com;2026-05-04 13:43:09;NULL
2976;2026-04-30;Principal;377;Etiquetas chocolate 250g granulado Delantera x unidad;T03.21. ETIQUETAS ADESIVAS;0;NULL;6.00;21.00;15.00;1250.00;contado;lauramarcela758@gmail.com;2026-05-04 13:32:49;NULL
3143;2026-04-30;Principal;379;DS AJI VARIEDADES x KG;DESARROLLO DE PRODUCTO;0;NULL;0.00;0.00;0.00;50000.00;contado;lauramarcela758@gmail.com;2026-05-04 14:51:32;NULL
3144;2026-04-30;Principal;380;EUCALIPTO EN RAMA X KG;T01.03. AGROECOLOGICOS GRAL;0;NULL;0.00;0.00;0.00;20000.00;contado;lauramarcela758@gmail.com;2026-05-04 14:54:18;NULL
2977;2026-04-30;Principal;384;Miel Aromatica OS 275 grs;TPT.01. VENTA AGROECOLOGICOS VARIOS;0;NULL;8.00;6.00;-2.00;10554.71;contado;lauramarcela758@gmail.com;2026-05-04 15:11:37;NULL
2978;2026-04-30;Principal;387;Miel de Fuego OS 275 grs;TPT.01. VENTA AGROECOLOGICOS VARIOS;0;NULL;4.00;3.00;-1.00;9093.49;contado;lauramarcela758@gmail.com;2026-05-04 15:11:59;NULL
3146;2026-04-30;Principal;399;ETIQUETA CHOCOBEETAL 90g;T03.21. ETIQUETAS ADESIVAS;0;NULL;0.00;0.00;0.00;150.00;contado;lauramarcela758@gmail.com;2026-05-04 11:33:29;NULL
2979;2026-04-30;Principal;400;ETIQUETA CHOCOBEETAL 130g;T03.21. ETIQUETAS ADESIVAS;0;NULL;7.00;15.00;8.00;150.00;contado;lauramarcela758@gmail.com;2026-05-04 11:32:35;NULL
2980;2026-04-30;Principal;401;ETIQUETA CHOCOBEETAL 200g;T03.21. ETIQUETAS ADESIVAS;0;NULL;12.00;12.00;0.00;150.00;contado;lauramarcela758@gmail.com;2026-05-04 11:33:11;NULL
3051;2026-04-30;Principal;402;ETIQUETA CREMA DE MACADAMIA CON NIBS DE CACAO 60g;T03.21. ETIQUETAS ADESIVAS;0;NULL;0.00;51.00;51.00;150.00;contado;lauramarcela758@gmail.com;2026-05-04 11:43:20;Anulado en Effi 29-abr (depuración) — stock al 29-abr según trazabilidad. Contar físico para confirmar baja real.
3049;2026-04-30;Principal;403;ETIQUETA CREMA DE MACADAMIA CON NIBS DE CACAO 110g;T03.21. ETIQUETAS ADESIVAS;0;NULL;0.00;55.00;55.00;150.00;contado;lauramarcela758@gmail.com;2026-05-04 11:39:24;Anulado en Effi 29-abr (depuración) — stock al 29-abr según trazabilidad. Contar físico para confirmar baja real.
3050;2026-04-30;Principal;404;ETIQUETA CREMA DE MACADAMIA CON NIBS DE CACAO 200g;T03.21. ETIQUETAS ADESIVAS;0;NULL;0.00;55.00;55.00;150.00;contado;lauramarcela758@gmail.com;2026-05-04 11:41:51;Anulado en Effi 29-abr (depuración) — stock al 29-abr según trazabilidad. Contar físico para confirmar baja real.
2981;2026-04-30;Principal;405;CHOCOBEETAL OS 130 GRS;TPT.01. VENTA AGROECOLOGICOS VARIOS;0;NULL;12.00;3.00;-9.00;6012.00;contado;lauramarcela758@gmail.com;2026-05-04 14:23:49;NULL
2982;2026-04-30;Principal;406;CHOCOBEETAL OS 230 GRS;TPT.01. VENTA AGROECOLOGICOS VARIOS;0;NULL;10.00;11.00;1.00;8812.00;contado;lauramarcela758@gmail.com;2026-05-04 14:25:49;NULL
3147;2026-04-30;Principal;407;CHOCOBEETAL OS 90 GRS;TPT.01. VENTA AGROECOLOGICOS VARIOS;0;NULL;0.00;0.00;0.00;4280.00;contado;lauramarcela758@gmail.com;2026-05-04 14:27:59;NULL
2983;2026-04-30;Principal;410;Chocolate Puro Cacao 250 grs Granulado LT;TPT.01. VENTA AGROECOLOGICOS VARIOS;0;NULL;9.00;7.00;-2.00;19763.00;contado;lauramarcela758@gmail.com;2026-05-04 14:58:19;NULL
2984;2026-04-30;Principal;411;Chocolate Puro Cacao 500 grs Granulado LT;TPT.01. VENTA AGROECOLOGICOS VARIOS;0;NULL;3.00;7.00;4.00;36623.00;contado;lauramarcela758@gmail.com;2026-05-04 14:59:54;NULL
2985;2026-04-30;Principal;412;CAJA CHOCOLATE OSCURO 73Pgm X UND;T03.41. CAJAS;0;NULL;1583.00;1626.00;43.00;1000.00;contado;lauramarcela758@gmail.com;2026-05-04 14:02:15;NULL
3150;2026-04-30;Principal;414;BOLSA PLASTICA COBERTURA 3x6" X UND;T03.31. BOLSAS PLASTICAS;0;NULL;0.00;0.00;0.00;5.00;contado;amaragonzalez21valen@gmail.com;2026-05-04 13:03:28;NULL
2986;2026-04-30;Principal;478;Chocolate Puro Granulado x Kilo LT;T01.03. AGROECOLOGICOS GRAL;0;NULL;4.71;1.40;-3.31;67440.00;contado;amaragonzalez21valen@gmail.com;2026-05-04 14:57:53;NULL
3213;2026-04-30;Principal;479;CREMA DE ALMENDRA X KILO;DESARROLLO DE PRODUCTO;0;NULL;0.00;0.00;0.00;100000.00;contado;lauramarcela758@gmail.com;2026-05-04 14:50:25;NULL
3214;2026-04-30;Principal;480;Tableta Chocolate 73% x 50grs CPM (sin empacar);TPT.01. VENTA AGROECOLOGICOS VARIOS;0;NULL;0.00;0.00;0.00;5200.00;contado;lauramarcela758@gmail.com;2026-05-04 15:21:16;NULL
3215;2026-04-30;Principal;481;Tableta Chocolate 73% con Mani x 50grs CPM (sin empacar);TPT.01. VENTA AGROECOLOGICOS VARIOS;0;NULL;0.00;0.00;0.00;5200.00;contado;lauramarcela758@gmail.com;2026-05-04 15:20:46;NULL
2987;2026-04-30;Principal;482;Tableta Chocolate 73% con Macadamia x 50grs CPM (sin empacar);TPT.01. VENTA AGROECOLOGICOS VARIOS;0;NULL;5.00;0.00;-5.00;5200.00;contado;lauramarcela758@gmail.com;2026-05-04 15:20:34;NULL
2988;2026-04-30;Principal;483;Tableta Chocolate 73% con Almendra x 50grs CPM (sin empacar);TPT.01. VENTA AGROECOLOGICOS VARIOS;0;NULL;7.00;0.00;-7.00;5200.00;contado;lauramarcela758@gmail.com;2026-05-04 15:20:24;NULL
3216;2026-04-30;Principal;484;Tableta Chocolate 73% con Nibs x 50grs CPM (sin empacar);TPT.01. VENTA AGROECOLOGICOS VARIOS;0;NULL;0.00;0.00;0.00;5200.00;contado;lauramarcela758@gmail.com;2026-05-04 15:20:59;NULL
2989;2026-04-30;Principal;485;MANTECA DE CACAO TEMPLADA X KG;T01.03. AGROECOLOGICOS GRAL;0;NULL;0.90;0.90;0.00;95000.00;contado;amaragonzalez21valen@gmail.com;2026-05-04 15:14:22;NULL
2990;2026-04-30;Principal;490;Etiquetas Infusion 400g Delantera  x unidad;T03.21. ETIQUETAS ADESIVAS;0;NULL;18.00;24.00;6.00;1125.00;contado;lauramarcela758@gmail.com;2026-05-04 13:50:01;NULL
3217;2026-04-30;Principal;491;ETIQUETA MIEL OS 500G PLAST.;T03.21. ETIQUETAS ADESIVAS;0;NULL;0.00;0.00;0.00;150.00;contado;lauramarcela758@gmail.com;2026-05-04 12:22:15;NULL
3218;2026-04-30;Principal;492;ETIQUETA MIEL OS 265G PLAST.;T03.21. ETIQUETAS ADESIVAS;0;NULL;0.00;0.00;0.00;150.00;contado;lauramarcela758@gmail.com;2026-05-04 12:17:55;NULL
2991;2026-04-30;Principal;493;Tableta Chocolate 73p con Macadamia 50 grs CPM;TPT.01. VENTA AGROECOLOGICOS VARIOS;0;NULL;23.00;1.00;-22.00;5200.00;contado;lauramarcela758@gmail.com;2026-05-04 15:23:14;NULL
2992;2026-04-30;Principal;494;Tableta Chocolate 73p con Mani 50 grs CPM;TPT.01. VENTA AGROECOLOGICOS VARIOS;0;NULL;24.00;19.00;-5.00;5200.00;contado;lauramarcela758@gmail.com;2026-05-04 15:24:07;NULL
2994;2026-04-30;Principal;495;Tableta Chocolate 73p con Almendra 50 grs CPM;TPT.01. VENTA AGROECOLOGICOS VARIOS;0;NULL;19.00;0.00;-19.00;5200.00;contado;lauramarcela758@gmail.com;2026-05-04 15:23:02;NULL
2995;2026-04-30;Principal;496;Tableta Chocolate 73p con Nibs 50 grs CPM;TPT.01. VENTA AGROECOLOGICOS VARIOS;0;NULL;11.00;2.00;-9.00;5200.00;contado;lauramarcela758@gmail.com;2026-05-04 15:24:21;NULL
2996;2026-04-30;Principal;497;Infusión de Cacao con Menta y Polen 400 grs;TPT.01. VENTA AGROECOLOGICOS VARIOS;0;NULL;8.00;3.00;-5.00;9013.00;contado;lauramarcela758@gmail.com;2026-05-04 15:09:43;NULL
3219;2026-04-30;Principal;498;Chocolate 100p Granulado LT 1000g;TPT.01. VENTA AGROECOLOGICOS VARIOS;0;NULL;0.00;0.00;0.00;42825.00;contado;lauramarcela758@gmail.com;2026-05-04 14:57:03;NULL
3220;2026-04-30;Principal;499;Tableta Chocolate 100Pgm (sin empacar);TPT.01. VENTA AGROECOLOGICOS VARIOS;0;NULL;0.00;0.00;0.00;5200.00;contado;lauramarcela758@gmail.com;2026-05-04 15:20:03;NULL
2997;2026-04-30;Principal;500;SAL MARINA GRANO FINO SIN REFINAR X KG;T01.30. OTROS PRODUCTOS AGROECOLOGICOS;0;NULL;3.46;3.40;-0.06;8900.00;contado;amaragonzalez21valen@gmail.com;2026-05-04 15:15:40;NULL
2998;2026-04-30;Principal;501;ETIQUETA MARAÑON 100G DELANTERA X UNIDAD;T03.21. ETIQUETAS ADESIVAS;0;NULL;45.00;45.00;0.00;1000.00;contado;lauramarcela758@gmail.com;2026-05-04 12:02:57;NULL
3221;2026-04-30;Principal;502;ETIQUETA MARAÑON 200G DELANTERA X UNIDAD;T03.21. ETIQUETAS ADESIVAS;0;NULL;0.00;4.00;4.00;1500.00;contado;lauramarcela758@gmail.com;2026-05-04 12:25:17;NULL
2999;2026-04-30;Principal;503;ETIQUETA MACADAMIA 100G DELANTERA X UNIDAD;T03.21. ETIQUETAS ADESIVAS;0;NULL;55.00;55.00;0.00;818.00;contado;lauramarcela758@gmail.com;2026-05-04 11:58:48;NULL
3222;2026-04-30;Principal;504;ETIQUETA MACADAMIA 200G DELANTERA X UNIDAD;T03.21. ETIQUETAS ADESIVAS;0;NULL;0.00;2.00;2.00;1500.00;contado;lauramarcela758@gmail.com;2026-05-04 12:22:54;NULL
3223;2026-04-30;Principal;505;ETIQUETA ALMENDRA 100G X UNIDAD;T03.21. ETIQUETAS ADESIVAS;0;NULL;0.00;0.00;0.00;818.00;contado;lauramarcela758@gmail.com;2026-05-04 15:41:11;NULL
3000;2026-04-30;Principal;506;ETIQUETA ALMENDRA 200G X UNIDAD;T03.21. ETIQUETAS ADESIVAS;0;NULL;14.00;5.00;-9.00;1500.00;contado;lauramarcela758@gmail.com;2026-05-04 12:39:27;NULL
3224;2026-04-30;Principal;507;ETIQUETA PRECIOS X HOJA;T03.21. ETIQUETAS ADESIVAS;0;NULL;0.00;0.00;0.00;6500.00;contado;lauramarcela758@gmail.com;2026-05-04 13:07:11;NULL
3001;2026-04-30;Principal;508;ALMENDRAS TOSTADAS  KG;T01.03. AGROECOLOGICOS GRAL;0;NULL;0.92;0.85;-0.07;42000.00;contado;amaragonzalez21valen@gmail.com;2026-05-04 14:36:32;NULL
3002;2026-04-30;Principal;509;ALMENDRA  x 100 GRS;TPT.01. VENTA AGROECOLOGICOS VARIOS;0;NULL;4.00;4.00;0.00;11603.00;contado;lauramarcela758@gmail.com;2026-05-04 14:21:15;NULL
3225;2026-04-30;Principal;510;ALMENDRA  x 200 GRS;TPT.01. VENTA AGROECOLOGICOS VARIOS;0;NULL;0.00;0.00;0.00;1.00;contado;lauramarcela758@gmail.com;2026-05-04 14:22:19;NULL
3226;2026-04-30;Principal;511;Macadamia Tostada x 200 GRS;TPT.01. VENTA AGROECOLOGICOS VARIOS;0;NULL;0.00;0.00;0.00;1.00;contado;lauramarcela758@gmail.com;2026-05-04 15:10:39;NULL
3003;2026-04-30;Principal;512;Macadamia Tostada x 100 GRS;TPT.01. VENTA AGROECOLOGICOS VARIOS;0;NULL;6.00;5.00;-1.00;8803.00;contado;lauramarcela758@gmail.com;2026-05-04 15:10:19;NULL
3227;2026-04-30;Principal;513;Marañon  x 100 GRS;TPT.01. VENTA AGROECOLOGICOS VARIOS;0;NULL;0.00;0.00;0.00;8503.00;contado;lauramarcela758@gmail.com;2026-05-04 15:10:58;NULL
3004;2026-04-30;Principal;514;Marañon  x 200 GRS;TPT.01. VENTA AGROECOLOGICOS VARIOS;0;NULL;1.00;1.00;0.00;19950.00;contado;lauramarcela758@gmail.com;2026-05-04 15:11:12;NULL
3005;2026-04-30;Principal;516;MARAÑON TOSTADO x KG;T01.03. AGROECOLOGICOS GRAL;0;NULL;2.10;2.10;0.00;53781.00;contado;amaragonzalez21valen@gmail.com;2026-05-04 14:37:43;NULL
3228;2026-04-30;Principal;517;CHOCOBEETAL OS 50 GRS;TPT.01. VENTA AGROECOLOGICOS VARIOS;0;NULL;0.00;0.00;0.00;1.00;contado;lauramarcela758@gmail.com;2026-05-04 14:27:29;NULL
3229;2026-04-30;Principal;519;DESPERDICIO - CREMA DE MANI OS X KILO;T01.03. AGROECOLOGICOS GRAL;0;NULL;0.00;0.00;0.00;29694.00;contado;lauramarcela758@gmail.com;2026-05-04 14:53:33;NULL
3230;2026-04-30;Principal;520;DESPERDICIO - CHOCOMIEL 80/20 x Kg;T01.03. AGROECOLOGICOS GRAL;0;NULL;0.00;0.00;0.00;21276.00;contado;lauramarcela758@gmail.com;2026-05-04 14:53:58;NULL
3006;2026-04-30;Principal;521;DESPERDICO - COBERTURA CHOCOLATE CPM 73% OS X KILO;T01.03. AGROECOLOGICOS GRAL;0;NULL;0.80;1.50;0.70;43432.00;contado;amaragonzalez21valen@gmail.com;2026-05-04 15:04:44;NULL
3007;2026-04-30;Principal;523;Etiquetas Infusion 400g Trasera  x unidad;T03.21. ETIQUETAS ADESIVAS;0;NULL;59.00;66.00;7.00;1125.00;contado;lauramarcela758@gmail.com;2026-05-04 13:55:57;NULL
3232;2026-04-30;Principal;524;Etiquetas Infusión 200g Trasera x unidad;T03.21. ETIQUETAS ADESIVAS;0;NULL;0.00;27.00;27.00;1250.00;contado;lauramarcela758@gmail.com;2026-05-04 13:48:55;NULL
3008;2026-04-30;Principal;525;Etiquetas Chocolate 500g Bombon Trasera x unidad;T03.21. ETIQUETAS ADESIVAS;0;NULL;25.00;46.00;21.00;1125.00;contado;lauramarcela758@gmail.com;2026-05-04 13:41:55;NULL
3009;2026-04-30;Principal;526;Etiquetas Chocolate granulado 500g  Trasera x unidad;T03.21. ETIQUETAS ADESIVAS;0;NULL;35.00;40.00;5.00;1125.00;contado;lauramarcela758@gmail.com;2026-05-04 13:38:12;NULL
3010;2026-04-30;Principal;527;Etiquetas chocolate 250g granulado Trasera x unidad;T03.21. ETIQUETAS ADESIVAS;0;NULL;24.00;39.00;15.00;1250.00;contado;lauramarcela758@gmail.com;2026-05-04 13:34:48;NULL
3233;2026-04-30;Principal;528;Etiquetas chocolate Bombon 250g Trasera x unidad;T03.21. ETIQUETAS ADESIVAS;0;NULL;-4.00;25.00;29.00;1250.00;contado;lauramarcela758@gmail.com;2026-05-04 13:45:57;NULL
3011;2026-04-30;Principal;529;Etiqueta Nibs de cacao 200g trasera x unidad;T03.21. ETIQUETAS ADESIVAS;0;NULL;36.00;54.00;18.00;800.00;contado;lauramarcela758@gmail.com;2026-05-04 12:59:58;NULL
3012;2026-04-30;Principal;530;ETIQUETA NIBS DE CACAO 100G trasera x unidad;T03.21. ETIQUETAS ADESIVAS;0;NULL;124.00;60.00;-64.00;410.00;contado;lauramarcela758@gmail.com;2026-05-04 12:53:40;NULL
3234;2026-04-30;Principal;531;Etiqueta tableta tornasol cacao organico x unidad;T03.21. ETIQUETAS ADESIVAS;0;NULL;0.00;0.00;0.00;22.50;contado;lauramarcela758@gmail.com;2026-05-04 13:31:08;NULL
3235;2026-04-30;Principal;532;Etiqueta tableta tornasol 100p natural x unidad;T03.21. ETIQUETAS ADESIVAS;0;NULL;0.00;0.00;0.00;22.50;contado;lauramarcela758@gmail.com;2026-05-04 13:30:49;NULL
3236;2026-04-30;Principal;533;Etiqueta tableta tornasol solo chocolate x unidad;T03.21. ETIQUETAS ADESIVAS;0;NULL;0.00;655.00;655.00;19.54;contado;lauramarcela758@gmail.com;2026-05-04 13:29:51;NULL
3237;2026-04-30;Principal;534;Etiqueta tableta tornasol con macadamia x unidad;T03.21. ETIQUETAS ADESIVAS;0;NULL;0.00;140.00;140.00;19.54;contado;lauramarcela758@gmail.com;2026-05-04 13:28:36;NULL
3238;2026-04-30;Principal;535;Etiqueta tableta tornasol con mani x unidad;T03.21. ETIQUETAS ADESIVAS;0;NULL;0.00;277.00;277.00;19.54;contado;lauramarcela758@gmail.com;2026-05-04 13:28:50;NULL
3239;2026-04-30;Principal;536;Etiqueta tableta tornasol con almendra x unidad;T03.21. ETIQUETAS ADESIVAS;0;NULL;0.00;205.00;205.00;19.54;contado;lauramarcela758@gmail.com;2026-05-04 13:28:07;NULL
3240;2026-04-30;Principal;537;Etiqueta tableta tornasol con nibs de cacao x unidad;T03.21. ETIQUETAS ADESIVAS;0;NULL;0.00;318.00;318.00;19.54;contado;lauramarcela758@gmail.com;2026-05-04 13:29:13;NULL
3241;2026-04-30;Principal;538;Etiqueta tableta tornasol con sal marina x unidad;T03.21. ETIQUETAS ADESIVAS;0;NULL;0.00;160.00;160.00;19.54;contado;lauramarcela758@gmail.com;2026-05-04 13:29:30;NULL
3013;2026-04-30;Principal;539;ETIQUETA ALMENDRA DE CACAO 100G TRASERA X UNIDAD;T03.21. ETIQUETAS ADESIVAS;0;NULL;57.00;66.00;9.00;410.00;contado;lauramarcela758@gmail.com;2026-05-04 11:27:02;NULL
3014;2026-04-30;Principal;540;ETIQUETA MIX FRUTOS SECOS 200G TRASERA X UNIDAD;T03.21. ETIQUETAS ADESIVAS;0;NULL;89.00;89.00;0.00;1350.00;contado;lauramarcela758@gmail.com;2026-05-04 12:50:48;NULL
3015;2026-04-30;Principal;541;ETIQUETA MIX FRUTOS SECOS 100G TRASERA X UNIDAD;T03.21. ETIQUETAS ADESIVAS;0;NULL;134.00;134.00;0.00;410.00;contado;lauramarcela758@gmail.com;2026-05-04 12:45:41;NULL
3016;2026-04-30;Principal;542;ETIQUETA MACADAMIA 100G TRASERA X UNIDAD;T03.21. ETIQUETAS ADESIVAS;0;NULL;55.00;55.00;0.00;818.00;contado;lauramarcela758@gmail.com;2026-05-04 12:00:36;NULL
3242;2026-04-30;Principal;543;ETIQUETA MACADAMIA 200G TRASERA X UNIDAD;T03.21. ETIQUETAS ADESIVAS;0;NULL;0.00;5.00;5.00;1500.00;contado;lauramarcela758@gmail.com;2026-05-04 12:24:50;NULL
3017;2026-04-30;Principal;544;ETIQUETA MARAÑON 100G TRASERA X UNIDAD;T03.21. ETIQUETAS ADESIVAS;0;NULL;45.00;54.00;9.00;1000.00;contado;lauramarcela758@gmail.com;2026-05-04 12:29:52;NULL
3243;2026-04-30;Principal;545;ETIQUETA MARAÑON 200G TRASERA X UNIDAD;T03.21. ETIQUETAS ADESIVAS;0;NULL;0.00;4.00;4.00;1500.00;contado;lauramarcela758@gmail.com;2026-05-04 12:27:27;NULL
3244;2026-04-30;Principal;546;Miel Os vidrio 275 grs ( SIN ETIQUETAR);T01.03. AGROECOLOGICOS GRAL;0;NULL;0.00;0.00;0.00;6800.00;contado;lauramarcela758@gmail.com;2026-05-04 15:26:16;NULL
3245;2026-04-30;Principal;547;Miel Os vidrio 640grs ( SIN ETIQUETAR);T01.03. AGROECOLOGICOS GRAL;0;NULL;0.00;0.00;0.00;13000.00;contado;lauramarcela758@gmail.com;2026-05-04 15:26:36;NULL
3246;2026-04-30;Principal;548;Miel Os vidrio 150grs ( SIN ETIQUETAR);T01.03. AGROECOLOGICOS GRAL;0;NULL;0.00;0.00;0.00;4000.00;contado;lauramarcela758@gmail.com;2026-05-04 15:26:01;NULL
3018;2026-04-30;Principal;549;Etiqueta Almendra de Cacao 200g trasera x unidad;T03.21. ETIQUETAS ADESIVAS;0;NULL;45.00;35.00;-10.00;1350.00;contado;lauramarcela758@gmail.com;2026-05-04 11:31:26;NULL
3247;2026-04-30;Principal;550;Miel Os Vidrio 1000 grs ( SIN ETIQUETAR);TPT.01. VENTA AGROECOLOGICOS VARIOS;0;NULL;0.00;0.00;0.00;19700.00;contado;lauramarcela758@gmail.com;2026-05-04 15:16:26;NULL
3248;2026-04-30;Principal;551;Chocolate 100p bombones LT 1000g;TPT.01. VENTA AGROECOLOGICOS VARIOS;0;NULL;0.00;0.00;0.00;42825.00;contado;lauramarcela758@gmail.com;2026-05-04 14:56:49;NULL
3019;2026-04-30;Principal;552;Envase 750cc C/Tapa B. 63 - ESTERILIZADO;T03.01. ENVASES Y TAPAS;0;NULL;17.00;2.00;-15.00;2705.00;contado;amaragonzalez21valen@gmail.com;2026-05-04 12:06:36;NULL
3020;2026-04-30;Principal;553;Envase 110cc C/Tapa  B. 46 - ESTERILIZADO;T03.01. ENVASES Y TAPAS;0;NULL;7.00;10.00;3.00;1500.00;contado;amaragonzalez21valen@gmail.com;2026-05-04 12:05:01;NULL
3249;2026-04-30;Principal;554;Envase 230cc C/Tapa B. 63 - ESTERILIZADO;T03.01. ENVASES Y TAPAS;0;NULL;-2.00;9.00;11.00;1560.00;contado;amaragonzalez21valen@gmail.com;2026-05-04 12:05:46;NULL
3021;2026-04-30;Principal;555;Envase 500cc C/Tapa B. 63 - ESTERILIZADO;T03.01. ENVASES Y TAPAS;0;NULL;13.00;1.00;-12.00;2055.00;contado;amaragonzalez21valen@gmail.com;2026-05-04 12:06:03;NULL
3022;2026-04-30;Principal;556;Envase 50cc, B. 46 C Tapa - ESTERILIZADO;T03.01. ENVASES Y TAPAS;0;NULL;3.00;0.00;-3.00;827.00;contado;amaragonzalez21valen@gmail.com;2026-05-04 12:06:18;NULL
3023;2026-04-30;Principal;557;CHOCOBEETAL OS 65 GRS (degustacion);TPT.01. VENTA AGROECOLOGICOS VARIOS;0;NULL;10.00;3.00;-7.00;3000.00;contado;lauramarcela758@gmail.com;2026-05-04 14:26:24;NULL
3024;2026-04-30;Principal;558;BOLSA FLEX UP VENTANA MED CON ETIQUETAS CHOCOLATE BOMBONES 500 GR;T03.03. ENVASES ECOLOGICOS;0;NULL;24.00;3.00;-21.00;1487.40;contado;amaragonzalez21valen@gmail.com;2026-05-04 13:06:39;NULL
3025;2026-04-30;Principal;559;BOLSA FLEX UP VENTANA MED CON ETIQUETAS CHOCOLATE GRANULADO 500 GR;T03.03. ENVASES ECOLOGICOS;0;NULL;25.00;20.00;-5.00;1487.40;contado;amaragonzalez21valen@gmail.com;2026-05-04 13:06:00;NULL
3026;2026-04-30;Principal;560;BOLSA FLEX UP VENTANA MED CON ETIQUETAS INFUSION 400 GR;T03.03. ENVASES ECOLOGICOS;0;NULL;18.00;12.00;-6.00;1487.40;contado;amaragonzalez21valen@gmail.com;2026-05-04 13:02:54;NULL
3250;2026-04-30;Principal;561;BOLSA METALIZADA VENTANA CON ETIQUETAS INFUSION 200 GR;T03.03. ENVASES ECOLOGICOS;0;NULL;0.00;0.00;0.00;1487.40;contado;amaragonzalez21valen@gmail.com;2026-05-04 13:14:11;NULL
3027;2026-04-30;Principal;562;BOLSA METALIZADA VENTANA CON ETIQUETAS CHOCOLATE BOMBONES 250 GR;T03.03. ENVASES ECOLOGICOS;0;NULL;12.00;0.00;-12.00;1487.40;contado;amaragonzalez21valen@gmail.com;2026-05-04 13:13:45;NULL
3028;2026-04-30;Principal;563;BOLSA METALIZADA VENTANA CON ETIQUETAS CHOCOLATE GRANULADO 250 GR;T03.03. ENVASES ECOLOGICOS;0;NULL;16.00;1.00;-15.00;1487.40;contado;amaragonzalez21valen@gmail.com;2026-05-04 13:13:57;NULL
3029;2026-04-30;Principal;565;BOLSA METALIZADA VENTANA CON ETIQUETAS NIBS 200 GR;T03.03. ENVASES ECOLOGICOS;0;NULL;15.00;2.00;-13.00;1487.40;contado;amaragonzalez21valen@gmail.com;2026-05-04 13:18:00;NULL
3030;2026-04-30;Principal;566;BOLSA METALIZADA VENTANA CON ETIQUETAS ALMENDRA 200 GR;T03.03. ENVASES ECOLOGICOS;0;NULL;5.00;5.00;0.00;1487.40;contado;amaragonzalez21valen@gmail.com;2026-05-04 13:12:29;NULL
3252;2026-04-30;Principal;567;BOLSA METALIZADA VENTANA CON ETIQUETAS ALMENDRA DE CACAO 200 GR;T03.03. ENVASES ECOLOGICOS;0;NULL;0.00;0.00;0.00;1487.40;contado;amaragonzalez21valen@gmail.com;2026-05-04 13:13:02;NULL
3253;2026-04-30;Principal;568;BOLSA METALIZADA VENTANA CON ETIQUETAS MACADAMIA 200 GR;T03.03. ENVASES ECOLOGICOS;0;NULL;0.00;0.00;0.00;1487.40;contado;amaragonzalez21valen@gmail.com;2026-05-04 13:14:27;NULL
3031;2026-04-30;Principal;569;BOLSA METALIZADA VENTANA CON ETIQUETAS MARAÑON 200 GR;T03.03. ENVASES ECOLOGICOS;0;NULL;4.00;4.00;0.00;1487.40;contado;amaragonzalez21valen@gmail.com;2026-05-04 13:14:46;NULL
3254;2026-04-30;Principal;570;BOLSA METALIZADA VENTANA CON ETIQUETAS MIX FRUTOS SECOS 200 GR;T03.03. ENVASES ECOLOGICOS;0;NULL;0.00;0.00;0.00;1487.40;contado;amaragonzalez21valen@gmail.com;2026-05-04 13:18:17;NULL
3255;2026-04-30;Principal;571;BOLSA PEQUEÑA TRANSPARENTE CON ETIQUETAS MIX FRUTOS SECOS 100 GR;T03.03. ENVASES ECOLOGICOS;0;NULL;0.00;0.00;0.00;1487.40;contado;amaragonzalez21valen@gmail.com;2026-05-04 13:41:42;NULL
3032;2026-04-30;Principal;572;BOLSA PEQUEÑA TRANSPARENTE CON ETIQUETAS MACADAMIA 100 GR;T03.03. ENVASES ECOLOGICOS;0;NULL;2.00;2.00;0.00;1487.40;contado;amaragonzalez21valen@gmail.com;2026-05-04 13:40:40;NULL
3033;2026-04-30;Principal;573;BOLSA PEQUEÑA TRANSPARENTE CON ETIQUETAS ALMENDRA 100 GR;T03.03. ENVASES ECOLOGICOS;0;NULL;12.00;8.00;-4.00;1487.40;contado;amaragonzalez21valen@gmail.com;2026-05-04 13:17:12;NULL
3034;2026-04-30;Principal;574;BOLSA PEQUEÑA TRANSPARENTE CON ETIQUETAS MARAÑON 100 GR;T03.03. ENVASES ECOLOGICOS;0;NULL;8.00;8.00;0.00;1487.40;contado;amaragonzalez21valen@gmail.com;2026-05-04 13:41:04;NULL
3256;2026-04-30;Principal;575;BOLSA PEQUEÑA TRANSPARENTE CON ETIQUETAS NIBS 100 GR;T03.03. ENVASES ECOLOGICOS;0;NULL;0.00;17.00;17.00;1487.40;contado;amaragonzalez21valen@gmail.com;2026-05-04 12:40:52;NULL
3257;2026-04-30;Principal;576;BOLSA PEQUEÑA TRANSPARENTE CON ETIQUETAS ALMENDRA DE CACAO 100 GR;T03.03. ENVASES ECOLOGICOS;0;NULL;0.00;0.00;0.00;1487.40;contado;amaragonzalez21valen@gmail.com;2026-05-04 13:15:20;NULL
3035;2026-04-30;Principal;577;Etiqueta Transparente Miel Panal 275 gr;T03.21. ETIQUETAS ADESIVAS;0;NULL;2.00;7.00;5.00;300.00;contado;lauramarcela758@gmail.com;2026-05-04 13:30:31;NULL
3036;2026-04-30;Principal;579;Almendra recubierta de chocolate LT x kg;TPT.01. VENTA AGROECOLOGICOS VARIOS;0;NULL;5.00;0.00;-5.00;0.00;contado;lauramarcela758@gmail.com;2026-05-04 14:22:55;NULL
3037;2026-04-30;Principal;580;CAJA CHOCOLATE OSCURO 100% X UND;T03.41. CAJAS;0;NULL;825.00;839.00;14.00;1000.00;contado;lauramarcela758@gmail.com;2026-05-04 13:56:42;NULL
3038;2026-04-30;Principal;581;COBERTURA CHOCOLATE CPM 73% TEMPLADA LT X KG;T01.03. AGROECOLOGICOS GRAL;0;NULL;11.21;10.70;-0.51;43432.00;contado;amaragonzalez21valen@gmail.com;2026-05-04 14:59:26;NULL
3273;2026-04-30;Principal;582;MACADAMIA GRAGEADA COBERTURA 73 X KILO;T01.03. AGROECOLOGICOS GRAL;0;NULL;-0.01;0.00;0.01;100000.00;contado;amaragonzalez21valen@gmail.com;2026-05-04 14:40:07;NULL
3258;2026-04-30;Principal;583;COBERTURA CHOCOLATE 100% TEMPLADA LT X KG;T01.03. AGROECOLOGICOS GRAL;0;NULL;0.00;0.00;0.00;43432.00;contado;amaragonzalez21valen@gmail.com;2026-05-04 14:58:13;NULL
3040;2026-04-30;Principal;584;Tableta Chocolate100% Lt 50grs;TPT.01. VENTA AGROECOLOGICOS VARIOS;0;NULL;25.00;0.00;-25.00;5200.00;contado;lauramarcela758@gmail.com;2026-05-04 15:24:47;NULL
3041;2026-04-30;Principal;585;ALMENDRA DE CACAO SAN LUIS x KG;T01.03. AGROECOLOGICOS GRAL;0;NULL;111.00;0.00;-111.00;11000.00;contado;amaragonzalez21valen@gmail.com;2026-05-04 14:50:53;NULL
3042;2026-04-30;Principal;586;MIEL FILTRADA PASTEURIZADA - EL CARMEN x KILO;T01.03. AGROECOLOGICOS GRAL;0;NULL;14.27;0.00;-14.27;22000.00;contado;amaragonzalez21valen@gmail.com;2026-05-04 15:07:52;NULL
3259;2026-04-30;Principal;587;Aji en polvo trinidad escorpio x grm;T01.03. AGROECOLOGICOS GRAL;0;NULL;0.00;0.00;0.00;3500.00;contado;lauramarcela758@gmail.com;2026-05-04 15:25:49;NULL
3043;2026-04-30;Principal;593;NIBS DE CACAO SL x KG;T01.03. AGROECOLOGICOS GRAL;0;NULL;0.00;97.50;97.50;19000.00;contado;precarga_30abr_xlsx;2026-05-04 14:44:48;Precarga: 97.5 kg de cacao San Luis (cod nuevo, no en xlsx Effi 30-abr) — restaurado tras recuento erróneo a 0
3044;2026-04-30;Principal;594;CASCARILLA DE CACAO SL x KG;T01.03. AGROECOLOGICOS GRAL;0;NULL;0.00;16.00;16.00;3300.00;contado;precarga_30abr_xlsx;2026-05-04 14:29:55;Precarga: 16 kg de cacao San Luis (cod nuevo, no en xlsx Effi 30-abr) — restaurado tras recuento erróneo a 0
3298;2026-04-30;Productos No Conformes;NM-e62138;Ensa;NO MATRICULADO (UND);0;NULL;0.00;0.00;0.00;0.00;contado;ssierra047@gmail.com;2026-05-04 16:01:36;
3301;2026-04-30;Productos No Conformes;NM-0d1022;Chocobeetal 130;NO MATRICULADO (UND);0;NULL;0.00;9.00;9.00;0.00;contado;amaragonzalez21valen@gmail.com;2026-05-04 16:17:09;Ñ
3300;2026-04-30;Productos No Conformes;11;CHOCOMIEL OS 250cc;TPT.01. VENTA AGROECOLOGICOS VARIOS;0;NULL;0.00;2.00;2.00;7642.00;contado;amaragonzalez21valen@gmail.com;2026-05-04 16:03:39;NULL
3294;2026-04-30;Productos No Conformes;169;PROPOLEO OS 265 grs;TPT.01. VENTA AGROECOLOGICOS VARIOS;0;NULL;0.00;2.00;2.00;6940.00;contado;amaragonzalez21valen@gmail.com;2026-05-04 15:57:28;NULL
3297;2026-04-30;Productos No Conformes;231;POLEN DE ABEJA OS 320 GRS;TPT.01. VENTA AGROECOLOGICOS VARIOS;0;NULL;0.00;1.00;1.00;18600.00;contado;lauramarcela758@gmail.com;2026-05-04 16:01:09;NULL
3290;2026-04-30;Productos No Conformes;238;Infusión de Cacao con Menta y Polen 200 grs;TPT.01. VENTA AGROECOLOGICOS VARIOS;0;NULL;0.00;0.00;0.00;6371.00;contado;lauramarcela758@gmail.com;2026-05-04 15:54:48;NULL
2934;2026-04-30;Productos No Conformes;275;CHOCOBEETAL X KG;T01.03. AGROECOLOGICOS GRAL;0;NULL;0.06;0.00;-0.06;26964.00;contado;amaragonzalez21valen@gmail.com;2026-05-04 15:19:49;NULL
3289;2026-04-30;Productos No Conformes;297;Etiqueta Polen 320;T03.21. ETIQUETAS ADESIVAS;0;NULL;0.00;0.00;0.00;300.00;contado;lauramarcela758@gmail.com;2026-05-04 15:51:15;NULL
3296;2026-04-30;Productos No Conformes;305;Crema de mani OS degustacion 65 grs;TPT.01. VENTA AGROECOLOGICOS VARIOS;0;NULL;0.00;1.00;1.00;3000.00;contado;lauramarcela758@gmail.com;2026-05-04 16:00:04;NULL
3299;2026-04-30;Productos No Conformes;360;Chocomiel degustacion 65g;TPT.01. VENTA AGROECOLOGICOS VARIOS;0;NULL;0.00;1.00;1.00;3000.00;contado;amaragonzalez21valen@gmail.com;2026-05-04 16:02:28;NULL
3288;2026-04-30;Productos No Conformes;405;CHOCOBEETAL OS 130 GRS;TPT.01. VENTA AGROECOLOGICOS VARIOS;0;NULL;0.00;9.00;9.00;6012.00;contado;lauramarcela758@gmail.com;2026-05-04 15:59:42;NULL
3287;2026-04-30;Productos No Conformes;406;CHOCOBEETAL OS 230 GRS;TPT.01. VENTA AGROECOLOGICOS VARIOS;0;NULL;0.00;5.00;5.00;8812.00;contado;ssierra047@gmail.com;2026-05-04 15:47:06;NULL
3292;2026-04-30;Productos No Conformes;484;Tableta Chocolate 73% con Nibs x 50grs CPM (sin empacar);TPT.01. VENTA AGROECOLOGICOS VARIOS;0;NULL;0.00;4.00;4.00;5200.00;contado;lauramarcela758@gmail.com;2026-05-04 15:54:37;NULL
2993;2026-04-30;Productos No Conformes;494;Tableta Chocolate 73p con Mani 50 grs CPM;TPT.01. VENTA AGROECOLOGICOS VARIOS;0;NULL;1.00;3.00;2.00;5200.00;contado;amaragonzalez21valen@gmail.com;2026-05-04 16:11:53;NULL
3293;2026-04-30;Productos No Conformes;497;Infusión de Cacao con Menta y Polen 400 grs;TPT.01. VENTA AGROECOLOGICOS VARIOS;0;NULL;0.00;2.00;2.00;9013.00;contado;lauramarcela758@gmail.com;2026-05-04 15:55:58;NULL
3295;2026-04-30;Productos No Conformes;557;CHOCOBEETAL OS 65 GRS (degustacion);TPT.01. VENTA AGROECOLOGICOS VARIOS;0;NULL;0.00;5.00;5.00;3000.00;contado;amaragonzalez21valen@gmail.com;2026-05-04 15:58:58;NULL
3291;2026-04-30;Productos No Conformes;577;Etiqueta Transparente Miel Panal 275 gr;T03.21. ETIQUETAS ADESIVAS;0;NULL;0.00;0.00;0.00;300.00;contado;amaragonzalez21valen@gmail.com;2026-05-04 15:51:44;NULL
3039;2026-04-30;Productos No Conformes;582;MACADAMIA GRAGEADA COBERTURA 73 X KILO;T01.03. AGROECOLOGICOS GRAL;0;NULL;0.70;0.00;-0.70;100000.00;contado;amaragonzalez21valen@gmail.com;2026-05-04 15:19:32;NULL
