aprobar;proceso;cod;nombre;familia;orden;parametro;tipo;unidad;min;max;instrumento;notas_claude;tu_comentario
s;Tostado cacao;80;CASCARILLA DE CACAO LT x KL;cacao_nibs;1;Temperatura tostado;numerico;°C;110;140;Termómetro;Cascarilla más bajo, nibs más alto;
s;Tostado cacao;80;CASCARILLA DE CACAO LT x KL;cacao_nibs;2;Tiempo tostado;numerico;min;15;45;Cronómetro;;
s;Tostado cacao;80;CASCARILLA DE CACAO LT x KL;cacao_nibs;3;Color final;seleccion;;;;Visual;Opciones: Claro / Medio / Oscuro;
s;Tostado cacao;178;NIBS DE CACAO X KG LT;cacao_nibs;1;Temperatura tostado;numerico;°C;110;140;Termómetro;Cascarilla más bajo, nibs más alto;
s;Tostado cacao;178;NIBS DE CACAO X KG LT;cacao_nibs;2;Tiempo tostado;numerico;min;15;45;Cronómetro;;
s;Tostado cacao;178;NIBS DE CACAO X KG LT;cacao_nibs;3;Color final;seleccion;;;;Visual;Opciones: Claro / Medio / Oscuro;
s;Tostado cacao;261;ALMENDRA DE CACAO TOSTADA X KILO;cacao_nibs;1;Temperatura tostado;numerico;°C;110;140;Termómetro;Cascarilla más bajo, nibs más alto;
s;Tostado cacao;261;ALMENDRA DE CACAO TOSTADA X KILO;cacao_nibs;2;Tiempo tostado;numerico;min;15;45;Cronómetro;;
s;Tostado cacao;261;ALMENDRA DE CACAO TOSTADA X KILO;cacao_nibs;3;Color final;seleccion;;;;Visual;Opciones: Claro / Medio / Oscuro;
n;Tostado cacao;308;NIBS DE CACAO ORGANICO OS 200 GRS;cacao_nibs;1;Temperatura tostado;numerico;°C;110;140;Termómetro;Cascarilla más bajo, nibs más alto;
n;Tostado cacao;308;NIBS DE CACAO ORGANICO OS 200 GRS;cacao_nibs;2;Tiempo tostado;numerico;min;15;45;Cronómetro;;
n;Tostado cacao;308;NIBS DE CACAO ORGANICO OS 200 GRS;cacao_nibs;3;Color final;seleccion;;;;Visual;Opciones: Claro / Medio / Oscuro;
n;Tostado cacao;315;ALMENDRA DE CACAO ORGANICO TOSTADA 200 GRS;cacao_nibs;1;Temperatura tostado;numerico;°C;110;140;Termómetro;Cascarilla más bajo, nibs más alto;
n;Tostado cacao;315;ALMENDRA DE CACAO ORGANICO TOSTADA 200 GRS;cacao_nibs;2;Tiempo tostado;numerico;min;15;45;Cronómetro;;
n;Tostado cacao;315;ALMENDRA DE CACAO ORGANICO TOSTADA 200 GRS;cacao_nibs;3;Color final;seleccion;;;;Test manual;Opciones: Claro / Medio / Oscuro;
n;Tostado cacao;317;NIBS DE CACAO ORGANICO OS 100 GRS;cacao_nibs;1;Temperatura tostado;numerico;°C;110;140;Termómetro;Cascarilla más bajo, nibs más alto;
n;Tostado cacao;317;NIBS DE CACAO ORGANICO OS 100 GRS;cacao_nibs;2;Tiempo tostado;numerico;min;15;45;Cronómetro;;
n;Tostado cacao;317;NIBS DE CACAO ORGANICO OS 100 GRS;cacao_nibs;3;Color final;seleccion;;;;Test manual;Opciones: Claro / Medio / Oscuro;
n;Tostado cacao;318;ALMENDRA DE CACAO ORGANICO TOSTADA 100 GRS;cacao_nibs;1;Temperatura tostado;numerico;°C;110;140;Termómetro;Cascarilla más bajo, nibs más alto;
n;Tostado cacao;318;ALMENDRA DE CACAO ORGANICO TOSTADA 100 GRS;cacao_nibs;2;Tiempo tostado;numerico;min;15;45;Cronómetro;;
n;Tostado cacao;318;ALMENDRA DE CACAO ORGANICO TOSTADA 100 GRS;cacao_nibs;3;Color final;seleccion;;;;Test manual;Opciones: Claro / Medio / Oscuro;
n;Cocción chocolate de mesa;16;Chocolate Puro Cacao 500 grs Bombones LT;chocolates;1;Temperatura cocción;numerico;°C;70;85;Termómetro;;
n;Cocción chocolate de mesa;16;Chocolate Puro Cacao 500 grs Bombones LT;chocolates;2;Tiempo cocción;numerico;min;30;45;Cronómetro;73 es 24h, 74 es 12h — confirmar;
n;Cocción chocolate de mesa;16;Chocolate Puro Cacao 500 grs Bombones LT;chocolates;3;Sabor / olor normal;booleano;;;;Organoléptico;;
m;Cocción chocolate de mesa;73;CHOCOLATE MESA OS/CF 24H X BLOQUE KL;chocolates;1;Temperatura maxima;numerico;°C;70;85;Termómetro;;
m;Cocción chocolate de mesa;73;CHOCOLATE MESA OS/CF 24H X BLOQUE KL;chocolates;2;Tiempo refinado;numerico;min;30;45;Cronómetro;73 es 24h, 74 es 12h — confirmar;
s;Cocción chocolate de mesa;73;CHOCOLATE MESA OS/CF 24H X BLOQUE KL;chocolates;3;Sabor / olor normal;booleano;;;;Organoléptico;;
n;Cocción chocolate de mesa;74;CHOCOLATE MESA OS/CF 12H BLOQUE x KILO;chocolates;1;Temperatura cocción;numerico;°C;70;85;Termómetro;;
n;Cocción chocolate de mesa;74;CHOCOLATE MESA OS/CF 12H BLOQUE x KILO;chocolates;2;Tiempo cocción;numerico;min;30;45;Cronómetro;73 es 24h, 74 es 12h — confirmar;
n;Cocción chocolate de mesa;74;CHOCOLATE MESA OS/CF 12H BLOQUE x KILO;chocolates;3;Sabor / olor normal;booleano;;;;Organoléptico;;
m;Cocción chocolate de mesa;93;CHOCOLATE MESA OS MOLDEADO X KG MOLDE  9 a 12 g;chocolates;1;Temperatura enmoldado;numerico;°C;70;85;Termómetro;;
m;Cocción chocolate de mesa;93;CHOCOLATE MESA OS MOLDEADO X KG MOLDE  9 a 12 g;chocolates;2;Tiempo reposo;numerico;min;30;45;Cronómetro;73 es 24h, 74 es 12h — confirmar;
n;Cocción chocolate de mesa;93;CHOCOLATE MESA OS MOLDEADO X KG MOLDE  9 a 12 g;chocolates;3;Sabor / olor normal;booleano;;;;Organoléptico;;
;Cocción chocolate de mesa;173;Muestra Chocolate de mesa 2 porciones;chocolates;1;Temperatura cocción;numerico;°C;70;85;Termómetro;;
;Cocción chocolate de mesa;173;Muestra Chocolate de mesa 2 porciones;chocolates;2;Tiempo cocción;numerico;min;30;45;Cronómetro;73 es 24h, 74 es 12h — confirmar;
;Cocción chocolate de mesa;173;Muestra Chocolate de mesa 2 porciones;chocolates;3;Sabor / olor normal;booleano;;;;Organoléptico;;
m;Templado chocolate;186;DS ALMENDRA DE CACAO RECUBIERTA DE CHOCOLATE X GRAMO MARZO 2024;chocolates;1;Temperatura maxima;numerico;°C;45;49;Termómetro;;
m;Templado chocolate;186;DS ALMENDRA DE CACAO RECUBIERTA DE CHOCOLATE X GRAMO MARZO 2024;chocolates;2;Temperatura minima;numerico;°C;26;28;Termómetro;Manteca pura (485) puede ser 27-28°C;
m;Templado chocolate;186;DS ALMENDRA DE CACAO RECUBIERTA DE CHOCOLATE X GRAMO MARZO 2024;chocolates;3;Temperatura enmoldado;numerico;°C;30;31;Termómetro;Manteca pura (485) puede ser 27-28°C;
m;Templado chocolate;186;DS ALMENDRA DE CACAO RECUBIERTA DE CHOCOLATE X GRAMO MARZO 2024;chocolates;4;Test de papel (cristaliza en 3 min);booleano;;;;Test papel;;
;Cocción chocolate de mesa;272;Chocolate Puro Cacao 250 grs Bombones LT;chocolates;1;Temperatura cocción;numerico;°C;70;85;Termómetro;;
;Cocción chocolate de mesa;272;Chocolate Puro Cacao 250 grs Bombones LT;chocolates;2;Tiempo cocción;numerico;min;30;45;Cronómetro;73 es 24h, 74 es 12h — confirmar;
;Cocción chocolate de mesa;272;Chocolate Puro Cacao 250 grs Bombones LT;chocolates;3;Sabor / olor normal;booleano;;;;Organoléptico;;
;Cocción chocolate de mesa;410;Chocolate Puro Cacao 250 grs Granulado LT;chocolates;1;Temperatura cocción;numerico;°C;70;85;Termómetro;;
;Cocción chocolate de mesa;410;Chocolate Puro Cacao 250 grs Granulado LT;chocolates;2;Tiempo cocción;numerico;min;30;45;Cronómetro;73 es 24h, 74 es 12h — confirmar;
;Cocción chocolate de mesa;410;Chocolate Puro Cacao 250 grs Granulado LT;chocolates;3;Sabor / olor normal;booleano;;;;Organoléptico;;
;Cocción chocolate de mesa;411;Chocolate Puro Cacao 500 grs Granulado LT;chocolates;1;Temperatura cocción;numerico;°C;70;85;Termómetro;;
;Cocción chocolate de mesa;411;Chocolate Puro Cacao 500 grs Granulado LT;chocolates;2;Tiempo cocción;numerico;min;30;45;Cronómetro;73 es 24h, 74 es 12h — confirmar;
;Cocción chocolate de mesa;411;Chocolate Puro Cacao 500 grs Granulado LT;chocolates;3;Sabor / olor normal;booleano;;;;Organoléptico;;
m;Cocción chocolate de mesa;478;Chocolate Puro Granulado x Kilo LT;chocolates;1;Tiempo de reposo;numerico;horas;8;15;Termómetro;;
n;Cocción chocolate de mesa;478;Chocolate Puro Granulado x Kilo LT;chocolates;2;Tiempo cocción;numerico;min;30;45;Cronómetro;73 es 24h, 74 es 12h — confirmar;
n;Cocción chocolate de mesa;478;Chocolate Puro Granulado x Kilo LT;chocolates;3;Sabor / olor normal;booleano;;;;Organoléptico;;
;Cocción chocolate de mesa;498;Chocolate 1000g Granulado;chocolates;1;Temperatura cocción;numerico;°C;70;85;Termómetro;;
;Cocción chocolate de mesa;498;Chocolate 1000g Granulado;chocolates;2;Tiempo cocción;numerico;min;30;45;Cronómetro;73 es 24h, 74 es 12h — confirmar;
;Cocción chocolate de mesa;498;Chocolate 1000g Granulado;chocolates;3;Sabor / olor normal;booleano;;;;Organoléptico;;
;Cocción chocolate de mesa;551;Chocolate 1000g bombones;chocolates;1;Temperatura cocción;numerico;°C;70;85;Termómetro;;
;Cocción chocolate de mesa;551;Chocolate 1000g bombones;chocolates;2;Tiempo cocción;numerico;min;30;45;Cronómetro;73 es 24h, 74 es 12h — confirmar;
;Cocción chocolate de mesa;551;Chocolate 1000g bombones;chocolates;3;Sabor / olor normal;booleano;;;;Organoléptico;;
;Cocción chocolate de mesa;558;BOLSA FLEX UP VENTANA MED CON ETIQUETAS CHOCOLATE BOMBONES 500 GR;chocolates;1;Temperatura cocción;numerico;°C;70;85;Termómetro;;
;Cocción chocolate de mesa;558;BOLSA FLEX UP VENTANA MED CON ETIQUETAS CHOCOLATE BOMBONES 500 GR;chocolates;2;Tiempo cocción;numerico;min;30;45;Cronómetro;73 es 24h, 74 es 12h — confirmar;
;Cocción chocolate de mesa;558;BOLSA FLEX UP VENTANA MED CON ETIQUETAS CHOCOLATE BOMBONES 500 GR;chocolates;3;Sabor / olor normal;booleano;;;;Organoléptico;;
;Cocción chocolate de mesa;559;BOLSA FLEX UP VENTANA MED CON ETIQUETAS CHOCOLATE GRANULADO 500 GR;chocolates;1;Temperatura cocción;numerico;°C;70;85;Termómetro;;
;Cocción chocolate de mesa;559;BOLSA FLEX UP VENTANA MED CON ETIQUETAS CHOCOLATE GRANULADO 500 GR;chocolates;2;Tiempo cocción;numerico;min;30;45;Cronómetro;73 es 24h, 74 es 12h — confirmar;
;Cocción chocolate de mesa;559;BOLSA FLEX UP VENTANA MED CON ETIQUETAS CHOCOLATE GRANULADO 500 GR;chocolates;3;Sabor / olor normal;booleano;;;;Organoléptico;;
;Templado chocolate;579;Almendra recubierta de chocolate OS x kilo;chocolates;1;Temperatura fusión;numerico;°C;45;50;Termómetro;;
;Templado chocolate;579;Almendra recubierta de chocolate OS x kilo;chocolates;2;Temperatura trabajo;numerico;°C;31;32;Termómetro;Manteca pura (485) puede ser 27-28°C;
;Templado chocolate;579;Almendra recubierta de chocolate OS x kilo;chocolates;3;Test de papel (cristaliza en 3 min);booleano;;;;Test manual;;
m;Templado chocolate;319;COBERTURA CHOCOLATE CPM 73% OS X KILO;coberturas;1;Temperatura maxima;numerico;°C;45;50;Termómetro;;
m;Templado chocolate;319;COBERTURA CHOCOLATE CPM 73% OS X KILO;coberturas;2;Temperatura chocolate mezcla miel;numerico;°C;31;32;Termómetro;Manteca pura (485) puede ser 27-28°C;
m;Templado chocolate;319;COBERTURA CHOCOLATE CPM 73% OS X KILO;coberturas;3;Temperatura miel;numerico;°C;31;32;;;
m;Templado chocolate;319;COBERTURA CHOCOLATE CPM 73% OS X KILO;coberturas;4;Tiempo mezcla miel chocolate;numerico;min;10;15;;;
m;Templado chocolate;319;COBERTURA CHOCOLATE CPM 73% OS X KILO;coberturas;5;Tiempo de reposo;numerico;min;0;15;;;
m;Templado chocolate;485;MANTECA DE CACAO TEMPLADA X KG;coberturas;1;Temperatura maxima;numerico;°C;45;49;Termómetro;;
m;Templado chocolate;485;MANTECA DE CACAO TEMPLADA X KG;coberturas;2;Temperatura minima;numerico;°C;26;28;Termómetro;Manteca pura (485) puede ser 27-28°C;
m;Templado chocolate;485;MANTECA DE CACAO TEMPLADA X KG;coberturas;3;Temperatura enmoldado;numerico;°C;30;31;Termómetro;;
m;Templado chocolate;485;MANTECA DE CACAO TEMPLADA X KG;coberturas;4;Test de papel (cristaliza en 3 min);booleano;;;;Test manual;;
m;Templado chocolate;581;COBERTURA CHOCOLATE CPM 73% OS X KILO  -  TEMPLADA;coberturas;1;Temperatura maxima;numerico;°C;45;49;Termómetro;;
m;Templado chocolate;581;COBERTURA CHOCOLATE CPM 73% OS X KILO  -  TEMPLADA;coberturas;2;Temperatura minima;numerico;°C;26;28;Termómetro;Manteca pura (485) puede ser 27-28°C;
m;Templado chocolate;581;COBERTURA CHOCOLATE CPM 73% OS X KILO  -  TEMPLADA;coberturas;3;Temperatura enmoldado;numerico;°C;30;31;Termómetro;;
m;Templado chocolate;581;COBERTURA CHOCOLATE CPM 73% OS X KILO  -  TEMPLADA;;4;Test de papel (cristaliza en 3 min);booleano;;;;Test manual;;
m;Templado chocolate;583;COBERTURA CHOCOLATE 100% OS X KILO  -  TEMPLADA;coberturas;1;Temperatura maxima;numerico;°C;45;49;Termómetro;;
m;Templado chocolate;583;COBERTURA CHOCOLATE 100% OS X KILO  -  TEMPLADA;coberturas;2;Temperatura minima;numerico;°C;26;28;Termómetro;Manteca pura (485) puede ser 27-28°C;
m;Templado chocolate;583;COBERTURA CHOCOLATE 100% OS X KILO  -  TEMPLADA;coberturas;3;Temperatura enmoldado;numerico;°C;30;31;Termómetro;;
m;Templado chocolate;583;COBERTURA CHOCOLATE 100% OS X KILO  -  TEMPLADA;;4;Test de papel (cristaliza en 3 min);booleano;;;;Test manual;;
;Crema de molienda;25;CREMA DE MANI OS 130 GRS;cremas_mani;1;Temperatura final molienda;numerico;°C;45;55;Termómetro;Maní ~50, Almendra ~55, Macadamia ~50;
;Crema de molienda;25;CREMA DE MANI OS 130 GRS;cremas_mani;2;Textura;seleccion;;;;Visual;Opciones: Líquido / Pastoso / Sólido;
;Crema de molienda;25;CREMA DE MANI OS 130 GRS;cremas_mani;3;Sabor normal;booleano;;;;Organoléptico;;
;Crema de molienda;151;CREMA DE MANI OS X KILO;cremas_mani;1;Temperatura al enmoldar;numerico;°C;45;55;Termómetro;Maní ~50, Almendra ~55, Macadamia ~50;
;Crema de molienda;151;CREMA DE MANI OS X KILO;cremas_mani;2;Tiempo de refinado;numerico;min;0;15;Visual;Opciones: Líquido / Pastoso / Sólido;
;Crema de molienda;151;CREMA DE MANI OS X KILO;cremas_mani;3;Sabor normal;booleano;;;;Organoléptico;;
;Crema de molienda;187;CREMA DE MANI OS 230 GRS;cremas_mani;1;Temperatura final molienda;numerico;°C;45;55;Termómetro;Maní ~50, Almendra ~55, Macadamia ~50;
;Crema de molienda;187;CREMA DE MANI OS 230 GRS;cremas_mani;2;Textura;seleccion;;;;Visual;Opciones: Líquido / Pastoso / Sólido;
;Crema de molienda;187;CREMA DE MANI OS 230 GRS;cremas_mani;3;Sabor normal;booleano;;;;Organoléptico;;
;Crema de molienda;241;CREMA DE MANI OS 500 GRS;cremas_mani;1;Temperatura final molienda;numerico;°C;45;55;Termómetro;Maní ~50, Almendra ~55, Macadamia ~50;
;Crema de molienda;241;CREMA DE MANI OS 500 GRS;cremas_mani;2;Textura;seleccion;;;;Visual;Opciones: Líquido / Pastoso / Sólido;
;Crema de molienda;241;CREMA DE MANI OS 500 GRS;cremas_mani;3;Sabor normal;booleano;;;;Organoléptico;;
;Crema de molienda;305;Crema de mani OS degustacion 65 grs;cremas_mani;1;Temperatura final molienda;numerico;°C;45;55;Termómetro;Maní ~50, Almendra ~55, Macadamia ~50;
;Crema de molienda;305;Crema de mani OS degustacion 65 grs;cremas_mani;2;Textura;seleccion;;;;Visual;Opciones: Líquido / Pastoso / Sólido;
;Crema de molienda;305;Crema de mani OS degustacion 65 grs;cremas_mani;3;Sabor normal;booleano;;;;Organoléptico;;
;Infusión cacao+menta+polen;238;Infusión de Cacao con Menta y Polen 200 grs;infusiones;1;Temperatura infusión;numerico;°C;60;70;Termómetro;Confirmar;
;Infusión cacao+menta+polen;238;Infusión de Cacao con Menta y Polen 200 grs;infusiones;2;Tiempo infusión;numerico;min;15;30;Cronómetro;Confirmar;
;Infusión cacao+menta+polen;238;Infusión de Cacao con Menta y Polen 200 grs;infusiones;3;Sabor / aroma característico;booleano;;;;Organoléptico;;
;Infusión cacao+menta+polen;339;INFUSION DE CACAO CON MENTA Y POLEN X KILO PRODUCTO EN PROCESO;infusiones;1;Temperatura infusión;numerico;°C;60;70;Termómetro;Confirmar;
;Infusión cacao+menta+polen;339;INFUSION DE CACAO CON MENTA Y POLEN X KILO PRODUCTO EN PROCESO;infusiones;2;Tiempo infusión;numerico;min;15;30;Cronómetro;Confirmar;
;Infusión cacao+menta+polen;339;INFUSION DE CACAO CON MENTA Y POLEN X KILO PRODUCTO EN PROCESO;infusiones;3;Sabor / aroma característico;booleano;;;;Organoléptico;;
;Infusión cacao+menta+polen;497;Infusión de Cacao con Menta y Polen 400 grs;infusiones;1;Temperatura infusión;numerico;°C;60;70;Termómetro;Confirmar;
;Infusión cacao+menta+polen;497;Infusión de Cacao con Menta y Polen 400 grs;infusiones;2;Tiempo infusión;numerico;min;15;30;Cronómetro;Confirmar;
;Infusión cacao+menta+polen;497;Infusión de Cacao con Menta y Polen 400 grs;infusiones;3;Sabor / aroma característico;booleano;;;;Organoléptico;;
;Chocomiel;11;CHOCOMIEL OS 250cc;mieles;1;Temperatura fusión chocolate;numerico;°C;40;45;Termómetro;;
;Chocomiel;11;CHOCOMIEL OS 250cc;mieles;2;Temperatura mezcla con miel;numerico;°C;30;35;Termómetro;Bajo para no dañar la miel;
;Chocomiel;11;CHOCOMIEL OS 250cc;mieles;3;Ratio chocolate:miel;texto;;;;Balanza;Cod 346 sugiere 80:20;
;Chocomiel;11;CHOCOMIEL OS 250cc;mieles;4;Sabor / olor normal;booleano;;;;Organoléptico;;
;Pasteurización miel;13;Miel Os San Carlos 150 grs;mieles;1;Temperatura máxima;numerico;°C;60;65;Termómetro;"HTST típico 60-65; LTLT sería 50-58. Confirmar tu práctica.";
;Pasteurización miel;13;Miel Os San Carlos 150 grs;mieles;2;Tiempo a temperatura;numerico;min;20;30;Cronómetro;Si es HTST puede ser 5-10 min;
;Pasteurización miel;13;Miel Os San Carlos 150 grs;mieles;3;pH (muestra agua, en nevera);numerico;pH;3.5;4.5;pH-metro;Miel diluida 1:1 con agua destilada;
;Pasteurización miel;13;Miel Os San Carlos 150 grs;mieles;4;Sabor / olor normal;booleano;;;;Organoléptico;;
;Pasteurización miel;14;Miel Os vidrio 275 grs;mieles;1;Temperatura máxima;numerico;°C;60;65;Termómetro;"HTST típico 60-65; LTLT sería 50-58. Confirmar tu práctica.";
;Pasteurización miel;14;Miel Os vidrio 275 grs;mieles;2;Tiempo a temperatura;numerico;min;20;30;Cronómetro;Si es HTST puede ser 5-10 min;
;Pasteurización miel;14;Miel Os vidrio 275 grs;mieles;3;pH (muestra agua, en nevera);numerico;pH;3.5;4.5;pH-metro;Miel diluida 1:1 con agua destilada;
;Pasteurización miel;14;Miel Os vidrio 275 grs;mieles;4;Sabor / olor normal;booleano;;;;Organoléptico;;
;Pasteurización miel;15;Miel Os San Carlos 640 grs;mieles;1;Temperatura máxima;numerico;°C;60;65;Termómetro;"HTST típico 60-65; LTLT sería 50-58. Confirmar tu práctica.";
;Pasteurización miel;15;Miel Os San Carlos 640 grs;mieles;2;Tiempo a temperatura;numerico;min;20;30;Cronómetro;Si es HTST puede ser 5-10 min;
;Pasteurización miel;15;Miel Os San Carlos 640 grs;mieles;3;pH (muestra agua, en nevera);numerico;pH;3.5;4.5;pH-metro;Miel diluida 1:1 con agua destilada;
;Pasteurización miel;15;Miel Os San Carlos 640 grs;mieles;4;Sabor / olor normal;booleano;;;;Organoléptico;;
;Pasteurización miel;60;MIEL SAN MIGUEL FILTRADA x KILO;mieles;1;Temperatura máxima;numerico;°C;60;65;Termómetro;"HTST típico 60-65; LTLT sería 50-58. Confirmar tu práctica.";
;Pasteurización miel;60;MIEL SAN MIGUEL FILTRADA x KILO;mieles;2;Tiempo a temperatura;numerico;min;20;30;Cronómetro;Si es HTST puede ser 5-10 min;
;Pasteurización miel;60;MIEL SAN MIGUEL FILTRADA x KILO;mieles;3;pH (muestra agua, en nevera);numerico;pH;3.5;4.5;pH-metro;Miel diluida 1:1 con agua destilada;
;Pasteurización miel;60;MIEL SAN MIGUEL FILTRADA x KILO;mieles;4;Sabor / olor normal;booleano;;;;Organoléptico;;
m;Mieles infusionadas;134;Extracto de Vainilla en Miel OS x Kilo;mieles;1;Temperatura maxima secado vainas;numerico;°C;150;200;Termómetro;;
m;Mieles infusionadas;134;Extracto de Vainilla en Miel OS x Kilo;mieles;2;Tiempo secado vainas;numerico;min;100;120;Cronómetro;;
m;Mieles infusionadas;134;Extracto de Vainilla en Miel OS x Kilo;mieles;3;Quiebre vainas normal;booleano;;;;Test manual;;
m;Mieles infusionadas;134;Extracto de Vainilla en Miel OS x Kilo;mieles;4;Temperatura maxima miel;numerico;°C;60;65;Termómetro;;
m;Mieles infusionadas;134;Extracto de Vainilla en Miel OS x Kilo;mieles;5;Tiempo mezclado;numerico;min;10;20;Cronómetro;Reposo con el insumo aromático;
m;Mieles infusionadas;134;Extracto de Vainilla en Miel OS x Kilo;mieles;6;Sabor / aroma característico;booleano;;;;Organoléptico;;
;Pasteurización miel;163;Miel OS Panal 150 grs;mieles;1;Temperatura máxima;numerico;°C;60;65;Termómetro;"HTST típico 60-65; LTLT sería 50-58. Confirmar tu práctica.";
;Pasteurización miel;163;Miel OS Panal 150 grs;mieles;2;Tiempo a temperatura;numerico;min;20;30;Cronómetro;Si es HTST puede ser 5-10 min;
;Pasteurización miel;163;Miel OS Panal 150 grs;mieles;3;pH (muestra agua, en nevera);numerico;pH;3.5;4.5;pH-metro;Miel diluida 1:1 con agua destilada;
;Pasteurización miel;163;Miel OS Panal 150 grs;mieles;4;Sabor / olor normal;booleano;;;;Organoléptico;;
;Pasteurización miel;164;Miel OS Panal 275 grs;mieles;1;Temperatura máxima;numerico;°C;60;65;Termómetro;"HTST típico 60-65; LTLT sería 50-58. Confirmar tu práctica.";
;Pasteurización miel;164;Miel OS Panal 275 grs;mieles;2;Tiempo a temperatura;numerico;min;20;30;Cronómetro;Si es HTST puede ser 5-10 min;
;Pasteurización miel;164;Miel OS Panal 275 grs;mieles;3;pH (muestra agua, en nevera);numerico;pH;3.5;4.5;pH-metro;Miel diluida 1:1 con agua destilada;
;Pasteurización miel;164;Miel OS Panal 275 grs;mieles;4;Sabor / olor normal;booleano;;;;Organoléptico;;
;Pasteurización miel;239;Miel Os San Carlos 1000 grs;mieles;1;Temperatura máxima;numerico;°C;60;65;Termómetro;"HTST típico 60-65; LTLT sería 50-58. Confirmar tu práctica.";
;Pasteurización miel;239;Miel Os San Carlos 1000 grs;mieles;2;Tiempo a temperatura;numerico;min;20;30;Cronómetro;Si es HTST puede ser 5-10 min;
;Pasteurización miel;239;Miel Os San Carlos 1000 grs;mieles;3;pH (muestra agua, en nevera);numerico;pH;3.5;4.5;pH-metro;Miel diluida 1:1 con agua destilada;
;Pasteurización miel;239;Miel Os San Carlos 1000 grs;mieles;4;Sabor / olor normal;booleano;;;;Organoléptico;;
;Pasteurización miel;240;Miel OS Panal 640 grs;mieles;1;Temperatura máxima;numerico;°C;60;65;Termómetro;"HTST típico 60-65; LTLT sería 50-58. Confirmar tu práctica.";
;Pasteurización miel;240;Miel OS Panal 640 grs;mieles;2;Tiempo a temperatura;numerico;min;20;30;Cronómetro;Si es HTST puede ser 5-10 min;
;Pasteurización miel;240;Miel OS Panal 640 grs;mieles;3;pH (muestra agua, en nevera);numerico;pH;3.5;4.5;pH-metro;Miel diluida 1:1 con agua destilada;
;Pasteurización miel;240;Miel OS Panal 640 grs;mieles;4;Sabor / olor normal;booleano;;;;Organoléptico;;
;Pasteurización miel;306;Miel OS degustacion 65 grs;mieles;1;Temperatura máxima;numerico;°C;60;65;Termómetro;"HTST típico 60-65; LTLT sería 50-58. Confirmar tu práctica.";
;Pasteurización miel;306;Miel OS degustacion 65 grs;mieles;2;Tiempo a temperatura;numerico;min;20;30;Cronómetro;Si es HTST puede ser 5-10 min;
;Pasteurización miel;306;Miel OS degustacion 65 grs;mieles;3;pH (muestra agua, en nevera);numerico;pH;3.5;4.5;pH-metro;Miel diluida 1:1 con agua destilada;
;Pasteurización miel;306;Miel OS degustacion 65 grs;mieles;4;Sabor / olor normal;booleano;;;;Organoléptico;;
m;Chocomiel;346;CHOCOMIEL 80/20 x Kg;mieles;1;Temperatura fusión chocolate;numerico;°C;40;45;Termómetro;;
m;Chocomiel;346;CHOCOMIEL 80/20 x Kg;mieles;2;Temperatura mezcla con miel;numerico;°C;30;35;Termómetro;Bajo para no dañar la miel;
m;Chocomiel;346;CHOCOMIEL 80/20 x Kg;mieles;3;Tiempo de mezclado;numerico;min;18;22;Cronómetro;;
m;Chocomiel;346;CHOCOMIEL 80/20 x Kg;mieles;4;Sabor / olor normal;booleano;;;;Organoléptico;;
;Pasteurización miel;347;Miel OS Carmen 150 grs;mieles;1;Temperatura máxima;numerico;°C;60;65;Termómetro;"HTST típico 60-65; LTLT sería 50-58. Confirmar tu práctica.";
;Pasteurización miel;347;Miel OS Carmen 150 grs;mieles;2;Tiempo a temperatura;numerico;min;20;30;Cronómetro;Si es HTST puede ser 5-10 min;
;Pasteurización miel;347;Miel OS Carmen 150 grs;mieles;3;pH (muestra agua, en nevera);numerico;pH;3.5;4.5;pH-metro;Miel diluida 1:1 con agua destilada;
;Pasteurización miel;347;Miel OS Carmen 150 grs;mieles;4;Sabor / olor normal;booleano;;;;Organoléptico;;
;Cristalización miel;348;Miel OS Carmen Cristalizada 275 grs;mieles;1;Temperatura cristalización;numerico;°C;14;18;Termómetro;Cristalización óptima 14-18°C según literatura apícola;
;Cristalización miel;348;Miel OS Carmen Cristalizada 275 grs;mieles;2;Tiempo proceso;numerico;días;7;21;Calendario;Confirmar tu tiempo;
;Cristalización miel;348;Miel OS Carmen Cristalizada 275 grs;mieles;3;Textura final;seleccion;;;;Visual;Opciones: Cremosa / Granulada gruesa / Granulada fina;
;Pasteurización miel;349;Miel OS Carmen 640 grs;mieles;1;Temperatura máxima;numerico;°C;60;65;Termómetro;"HTST típico 60-65; LTLT sería 50-58. Confirmar tu práctica.";
;Pasteurización miel;349;Miel OS Carmen 640 grs;mieles;2;Tiempo a temperatura;numerico;min;20;30;Cronómetro;Si es HTST puede ser 5-10 min;
;Pasteurización miel;349;Miel OS Carmen 640 grs;mieles;3;pH (muestra agua, en nevera);numerico;pH;3.5;4.5;pH-metro;Miel diluida 1:1 con agua destilada;
;Pasteurización miel;349;Miel OS Carmen 640 grs;mieles;4;Sabor / olor normal;booleano;;;;Organoléptico;;
;Pasteurización miel;350;Miel OS Carmen 1000 grs;mieles;1;Temperatura máxima;numerico;°C;60;65;Termómetro;"HTST típico 60-65; LTLT sería 50-58. Confirmar tu práctica.";
;Pasteurización miel;350;Miel OS Carmen 1000 grs;mieles;2;Tiempo a temperatura;numerico;min;20;30;Cronómetro;Si es HTST puede ser 5-10 min;
;Pasteurización miel;350;Miel OS Carmen 1000 grs;mieles;3;pH (muestra agua, en nevera);numerico;pH;3.5;4.5;pH-metro;Miel diluida 1:1 con agua destilada;
;Pasteurización miel;350;Miel OS Carmen 1000 grs;mieles;4;Sabor / olor normal;booleano;;;;Organoléptico;;
;Chocomiel;355;CHOCOMIEL OS 135cc;mieles;1;Temperatura fusión chocolate;numerico;°C;40;45;Termómetro;;
;Chocomiel;355;CHOCOMIEL OS 135cc;mieles;2;Temperatura mezcla con miel;numerico;°C;30;35;Termómetro;Bajo para no dañar la miel;
;Chocomiel;355;CHOCOMIEL OS 135cc;mieles;3;Ratio chocolate:miel;texto;;;;Balanza;Cod 346 sugiere 80:20;
;Chocomiel;355;CHOCOMIEL OS 135cc;mieles;4;Sabor / olor normal;booleano;;;;Organoléptico;;
;Chocomiel;360;Chocomiel degustacion 65g;mieles;1;Temperatura fusión chocolate;numerico;°C;40;45;Termómetro;;
;Chocomiel;360;Chocomiel degustacion 65g;mieles;2;Temperatura mezcla con miel;numerico;°C;30;35;Termómetro;Bajo para no dañar la miel;
;Chocomiel;360;Chocomiel degustacion 65g;mieles;3;Ratio chocolate:miel;texto;;;;Balanza;Cod 346 sugiere 80:20;
;Chocomiel;360;Chocomiel degustacion 65g;mieles;4;Sabor / olor normal;booleano;;;;Organoléptico;;
m;Pasteurización miel;373;MIEL FILTRADA  y PASTEURIZADA x KILO;mieles;1;Temperatura máxima;numerico;°C;45;50;Termómetro;"HTST típico 60-65; LTLT sería 50-58. Confirmar tu práctica.";
m;Pasteurización miel;373;MIEL FILTRADA  y PASTEURIZADA x KILO;mieles;2;Tiempo a temperatura;numerico;min;20;40;Cronómetro;Si es HTST puede ser 5-10 min;
n;Pasteurización miel;373;MIEL FILTRADA  y PASTEURIZADA x KILO;mieles;3;pH (muestra agua, en nevera);numerico;pH;3.5;4.5;pH-metro;Miel diluida 1:1 con agua destilada;
n;Pasteurización miel;373;MIEL FILTRADA  y PASTEURIZADA x KILO;mieles;4;Sabor / olor normal;booleano;;;;Organoléptico;;
;Mieles infusionadas;384;Miel Aromatica OS 275 grs;mieles;1;Temperatura máxima;numerico;°C;60;65;Termómetro;;
;Mieles infusionadas;384;Miel Aromatica OS 275 grs;mieles;2;Tiempo a temperatura;numerico;min;20;30;Cronómetro;;
;Mieles infusionadas;384;Miel Aromatica OS 275 grs;mieles;3;Tiempo infusión total;numerico;horas;24;72;Cronómetro;Reposo con el insumo aromático;
;Mieles infusionadas;384;Miel Aromatica OS 275 grs;mieles;4;pH (muestra agua, nevera);numerico;pH;3.5;4.5;pH-metro;;
;Mieles infusionadas;384;Miel Aromatica OS 275 grs;mieles;5;Sabor / aroma característico;booleano;;;;Organoléptico;;
;Mieles infusionadas;387;Miel de Fuego OS 275 grs;mieles;1;Temperatura máxima;numerico;°C;60;65;Termómetro;;
;Mieles infusionadas;387;Miel de Fuego OS 275 grs;mieles;2;Tiempo a temperatura;numerico;min;20;30;Cronómetro;;
;Mieles infusionadas;387;Miel de Fuego OS 275 grs;mieles;3;Tiempo infusión total;numerico;horas;24;72;Cronómetro;Reposo con el insumo aromático;
;Mieles infusionadas;387;Miel de Fuego OS 275 grs;mieles;4;pH (muestra agua, nevera);numerico;pH;3.5;4.5;pH-metro;;
;Mieles infusionadas;387;Miel de Fuego OS 275 grs;mieles;5;Sabor / aroma característico;booleano;;;;Organoléptico;;
;Pasteurización miel;546;Miel Os vidrio 275 grs ( SIN ETIQUETAR);mieles;1;Temperatura máxima;numerico;°C;60;65;Termómetro;"HTST típico 60-65; LTLT sería 50-58. Confirmar tu práctica.";
;Pasteurización miel;546;Miel Os vidrio 275 grs ( SIN ETIQUETAR);mieles;2;Tiempo a temperatura;numerico;min;20;30;Cronómetro;Si es HTST puede ser 5-10 min;
;Pasteurización miel;546;Miel Os vidrio 275 grs ( SIN ETIQUETAR);mieles;3;pH (muestra agua, en nevera);numerico;pH;3.5;4.5;pH-metro;Miel diluida 1:1 con agua destilada;
;Pasteurización miel;546;Miel Os vidrio 275 grs ( SIN ETIQUETAR);mieles;4;Sabor / olor normal;booleano;;;;Organoléptico;;
;Pasteurización miel;547;Miel Os vidrio 640grs ( SIN ETIQUETAR);mieles;1;Temperatura máxima;numerico;°C;60;65;Termómetro;"HTST típico 60-65; LTLT sería 50-58. Confirmar tu práctica.";
;Pasteurización miel;547;Miel Os vidrio 640grs ( SIN ETIQUETAR);mieles;2;Tiempo a temperatura;numerico;min;20;30;Cronómetro;Si es HTST puede ser 5-10 min;
;Pasteurización miel;547;Miel Os vidrio 640grs ( SIN ETIQUETAR);mieles;3;pH (muestra agua, en nevera);numerico;pH;3.5;4.5;pH-metro;Miel diluida 1:1 con agua destilada;
;Pasteurización miel;547;Miel Os vidrio 640grs ( SIN ETIQUETAR);mieles;4;Sabor / olor normal;booleano;;;;Organoléptico;;
;Pasteurización miel;548;Miel Os vidrio 150grs ( SIN ETIQUETAR);mieles;1;Temperatura máxima;numerico;°C;60;65;Termómetro;"HTST típico 60-65; LTLT sería 50-58. Confirmar tu práctica.";
;Pasteurización miel;548;Miel Os vidrio 150grs ( SIN ETIQUETAR);mieles;2;Tiempo a temperatura;numerico;min;20;30;Cronómetro;Si es HTST puede ser 5-10 min;
;Pasteurización miel;548;Miel Os vidrio 150grs ( SIN ETIQUETAR);mieles;3;pH (muestra agua, en nevera);numerico;pH;3.5;4.5;pH-metro;Miel diluida 1:1 con agua destilada;
;Pasteurización miel;548;Miel Os vidrio 150grs ( SIN ETIQUETAR);mieles;4;Sabor / olor normal;booleano;;;;Organoléptico;;
;Pasteurización miel;550;Miel Os Vidrio 1000 grs ( SIN ETIQUETAR);mieles;1;Temperatura máxima;numerico;°C;60;65;Termómetro;"HTST típico 60-65; LTLT sería 50-58. Confirmar tu práctica.";
;Pasteurización miel;550;Miel Os Vidrio 1000 grs ( SIN ETIQUETAR);mieles;2;Tiempo a temperatura;numerico;min;20;30;Cronómetro;Si es HTST puede ser 5-10 min;
;Pasteurización miel;550;Miel Os Vidrio 1000 grs ( SIN ETIQUETAR);mieles;3;pH (muestra agua, en nevera);numerico;pH;3.5;4.5;pH-metro;Miel diluida 1:1 con agua destilada;
;Pasteurización miel;550;Miel Os Vidrio 1000 grs ( SIN ETIQUETAR);mieles;4;Sabor / olor normal;booleano;;;;Organoléptico;;
m;Pasteurización miel;586;MIEL FILTRADA  y PASTEURIZADA x KILO - EL CARMEN;mieles;1;Temperatura máxima;numerico;°C;45;50;Termómetro;"HTST típico 60-65; LTLT sería 50-58. Confirmar tu práctica.";
m;Pasteurización miel;586;MIEL FILTRADA  y PASTEURIZADA x KILO - EL CARMEN;mieles;2;Tiempo a temperatura;numerico;min;20;40;Cronómetro;Si es HTST puede ser 5-10 min;
;Pasteurización miel;586;MIEL FILTRADA  y PASTEURIZADA x KILO - EL CARMEN;mieles;3;pH (muestra agua, en nevera);numerico;pH;3.5;4.5;pH-metro;Miel diluida 1:1 con agua destilada;
;Pasteurización miel;586;MIEL FILTRADA  y PASTEURIZADA x KILO - EL CARMEN;mieles;4;Sabor / olor normal;booleano;;;;Organoléptico;;
m;Tostado frutos secos;196;MACADAMIA TOSTADA X KILO;otros;1;Temperatura tostado;numerico;°C;140;160;Termómetro;Macadamia ~150, Almendra ~160, Marañón ~140;
m;Tostado frutos secos;196;MACADAMIA TOSTADA X KILO;otros;2;Tiempo tostado;numerico;min;18;30;Cronómetro;;
m;Tostado frutos secos;196;MACADAMIA TOSTADA X KILO;otros;3;Sabor normal;booleano;;;;Organoléptico;;
m;Chocobeetal;275;CHOCOBEETAL X KG;otros;1;Temperatura fusión chocolate;numerico;°C;45;50;Termómetro;;
m;Chocobeetal;275;CHOCOBEETAL X KG;otros;2;Temperatura mezclado;numerico;°C;35;40;Termómetro;Más bajo para no dañar el polen;
m;Chocobeetal;275;CHOCOBEETAL X KG;otros;3;Tiempo mezclado;numerico;min;18;30;;;
m;Chocobeetal;275;CHOCOBEETAL X KG;otros;4;Sabor / olor normal;booleano;;;;Organoléptico;;
;Tostado frutos secos;278;MIX FRUTOS SECOS SELECCIONADOS 200 GRS;otros;1;Temperatura tostado;numerico;°C;140;160;Termómetro;Macadamia ~150, Almendra ~160, Marañón ~140;
;Tostado frutos secos;278;MIX FRUTOS SECOS SELECCIONADOS 200 GRS;otros;2;Tiempo tostado;numerico;min;12;20;Cronómetro;;
;Tostado frutos secos;278;MIX FRUTOS SECOS SELECCIONADOS 200 GRS;otros;3;Sabor normal;booleano;;;;Organoléptico;;
;Tostado frutos secos;316;MIX FRUTOS SECOS SELECCIONADOS 100 GRS;otros;1;Temperatura tostado;numerico;°C;140;160;Termómetro;Macadamia ~150, Almendra ~160, Marañón ~140;
;Tostado frutos secos;316;MIX FRUTOS SECOS SELECCIONADOS 100 GRS;otros;2;Tiempo tostado;numerico;min;12;20;Cronómetro;;
;Tostado frutos secos;316;MIX FRUTOS SECOS SELECCIONADOS 100 GRS;otros;3;Sabor normal;booleano;;;;Organoléptico;;
;Envasado / Sin proceso;325;ENVASE 230G CON PANAL X UNIDAD;otros;1;(definir punto crítico si aplica);texto;;;;;Producto que solo se envasa o no tiene proceso identificado;
;Envasado / Sin proceso;326;ENVASE DE 110CC CON PANAL;otros;1;(definir punto crítico si aplica);texto;;;;;Producto que solo se envasa o no tiene proceso identificado;
;Crema de molienda;367;CREMA DE MACADAMIA X KILO;otros;1;Temperatura final molienda;numerico;°C;45;55;Termómetro;Maní ~50, Almendra ~55, Macadamia ~50;
;Crema de molienda;367;CREMA DE MACADAMIA X KILO;otros;2;Textura;seleccion;;;;Visual;Opciones: Líquido / Pastoso / Sólido;
;Crema de molienda;367;CREMA DE MACADAMIA X KILO;otros;3;Sabor normal;booleano;;;;Organoléptico;;
;Chocobeetal;405;CHOCOBEETAL OS 130 GRS;otros;1;Temperatura fusión chocolate;numerico;°C;45;50;Termómetro;;
;Chocobeetal;405;CHOCOBEETAL OS 130 GRS;otros;2;Temperatura mezcla con polen;numerico;°C;35;40;Termómetro;Más bajo para no dañar el polen;
;Chocobeetal;405;CHOCOBEETAL OS 130 GRS;otros;3;Sabor / olor normal;booleano;;;;Organoléptico;;
;Chocobeetal;406;CHOCOBEETAL OS 230 GRS;otros;1;Temperatura fusión chocolate;numerico;°C;45;50;Termómetro;;
;Chocobeetal;406;CHOCOBEETAL OS 230 GRS;otros;2;Temperatura mezcla con polen;numerico;°C;35;40;Termómetro;Más bajo para no dañar el polen;
;Chocobeetal;406;CHOCOBEETAL OS 230 GRS;otros;3;Sabor / olor normal;booleano;;;;Organoléptico;;
;Chocobeetal;407;CHOCOBEETAL OS 90 GRS;otros;1;Temperatura fusión chocolate;numerico;°C;45;50;Termómetro;;
;Chocobeetal;407;CHOCOBEETAL OS 90 GRS;otros;2;Temperatura mezcla con polen;numerico;°C;35;40;Termómetro;Más bajo para no dañar el polen;
;Chocobeetal;407;CHOCOBEETAL OS 90 GRS;otros;3;Sabor / olor normal;booleano;;;;Organoléptico;;
;Crema de molienda;479;CREMA DE ALMENDRA X KILO;otros;1;Temperatura final molienda;numerico;°C;45;55;Termómetro;Maní ~50, Almendra ~55, Macadamia ~50;
;Crema de molienda;479;CREMA DE ALMENDRA X KILO;otros;2;Textura;seleccion;;;;Visual;Opciones: Líquido / Pastoso / Sólido;
;Crema de molienda;479;CREMA DE ALMENDRA X KILO;otros;3;Sabor normal;booleano;;;;Organoléptico;;
;Tostado frutos secos;508;ALMENDRAS TOSTADAS  KG;otros;1;Temperatura tostado;numerico;°C;180;200;Termómetro;Macadamia ~150, Almendra ~160, Marañón ~140;
;Tostado frutos secos;508;ALMENDRAS TOSTADAS  KG;otros;2;Tiempo tostado;numerico;min;18;15;Cronómetro;;
;Tostado frutos secos;508;ALMENDRAS TOSTADAS  KG;otros;3;Sabor normal;booleano;;;;Organoléptico;;
;Tostado frutos secos;509;ALMENDRA  x 100 GRS;otros;1;Temperatura tostado;numerico;°C;140;160;Termómetro;Macadamia ~150, Almendra ~160, Marañón ~140;
;Tostado frutos secos;509;ALMENDRA  x 100 GRS;otros;2;Tiempo tostado;numerico;min;12;20;Cronómetro;;
;Tostado frutos secos;509;ALMENDRA  x 100 GRS;otros;3;Sabor normal;booleano;;;;Organoléptico;;
;Tostado frutos secos;510;ALMENDRA  x 200 GRS;otros;1;Temperatura tostado;numerico;°C;140;160;Termómetro;Macadamia ~150, Almendra ~160, Marañón ~140;
;Tostado frutos secos;510;ALMENDRA  x 200 GRS;otros;2;Tiempo tostado;numerico;min;12;20;Cronómetro;;
;Tostado frutos secos;510;ALMENDRA  x 200 GRS;otros;3;Sabor normal;booleano;;;;Organoléptico;;
;Tostado frutos secos;511;Macadamia Tostada x 200 GRS;otros;1;Temperatura tostado;numerico;°C;140;160;Termómetro;Macadamia ~150, Almendra ~160, Marañón ~140;
;Tostado frutos secos;511;Macadamia Tostada x 200 GRS;otros;2;Tiempo tostado;numerico;min;12;20;Cronómetro;;
;Tostado frutos secos;511;Macadamia Tostada x 200 GRS;otros;3;Sabor normal;booleano;;;;Organoléptico;;
;Tostado frutos secos;512;Macadamia Tostada x 100 GRS;otros;1;Temperatura tostado;numerico;°C;140;160;Termómetro;Macadamia ~150, Almendra ~160, Marañón ~140;
;Tostado frutos secos;512;Macadamia Tostada x 100 GRS;otros;2;Tiempo tostado;numerico;min;12;20;Cronómetro;;
;Tostado frutos secos;512;Macadamia Tostada x 100 GRS;otros;3;Sabor normal;booleano;;;;Organoléptico;;
;Tostado frutos secos;513;Marañon  x 100 GRS;otros;1;Temperatura tostado;numerico;°C;140;160;Termómetro;Macadamia ~150, Almendra ~160, Marañón ~140;
;Tostado frutos secos;513;Marañon  x 100 GRS;otros;2;Tiempo tostado;numerico;min;12;20;Cronómetro;;
;Tostado frutos secos;513;Marañon  x 100 GRS;otros;3;Sabor normal;booleano;;;;Organoléptico;;
;Tostado frutos secos;514;Marañon  x 200 GRS;otros;1;Temperatura tostado;numerico;°C;140;160;Termómetro;Macadamia ~150, Almendra ~160, Marañón ~140;
;Tostado frutos secos;514;Marañon  x 200 GRS;otros;2;Tiempo tostado;numerico;min;12;20;Cronómetro;;
;Tostado frutos secos;514;Marañon  x 200 GRS;otros;3;Sabor normal;booleano;;;;Organoléptico;;
;Tostado frutos secos;516;MARAÑON TOSTADO x KG;otros;1;Temperatura tostado;numerico;°C;140;160;Termómetro;Macadamia ~150, Almendra ~160, Marañón ~140;
;Tostado frutos secos;516;MARAÑON TOSTADO x KG;otros;2;Tiempo tostado;numerico;min;12;18;Cronómetro;;
;Tostado frutos secos;516;MARAÑON TOSTADO x KG;otros;3;Sabor normal;booleano;;;;Organoléptico;;
;Chocobeetal;517;CHOCOBEETAL OS 50 GRS;otros;1;Temperatura fusión chocolate;numerico;°C;45;50;Termómetro;;
;Chocobeetal;517;CHOCOBEETAL OS 50 GRS;otros;2;Temperatura mezcla con polen;numerico;°C;35;40;Termómetro;Más bajo para no dañar el polen;
;Chocobeetal;517;CHOCOBEETAL OS 50 GRS;otros;3;Sabor / olor normal;booleano;;;;Organoléptico;;
;Chocobeetal;557;CHOCOBEETAL OS 65 GRS (degustacion);otros;1;Temperatura fusión chocolate;numerico;°C;45;50;Termómetro;;
;Chocobeetal;557;CHOCOBEETAL OS 65 GRS (degustacion);otros;2;Temperatura mezcla con polen;numerico;°C;35;40;Termómetro;Más bajo para no dañar el polen;
;Chocobeetal;557;CHOCOBEETAL OS 65 GRS (degustacion);otros;3;Sabor / olor normal;booleano;;;;Organoléptico;;
;Envasado / Sin proceso;20;POLEN DE ABEJA OS 80grs;polen;1;(definir punto crítico si aplica);texto;;;;;Producto que solo se envasa o no tiene proceso identificado;
;Envasado / Sin proceso;171;POLEN DE ABEJA OS 150 GRS;polen;1;(definir punto crítico si aplica);texto;;;;;Producto que solo se envasa o no tiene proceso identificado;
;Envasado / Sin proceso;231;POLEN DE ABEJA OS 320 GRS;polen;1;(definir punto crítico si aplica);texto;;;;;Producto que solo se envasa o no tiene proceso identificado;
;Envasado / Sin proceso;21;PROPOLEO OS 150 grs;propoleo;1;(definir punto crítico si aplica);texto;;;;;Producto que solo se envasa o no tiene proceso identificado;
;Envasado / Sin proceso;169;PROPOLEO OS 265 grs;propoleo;1;(definir punto crítico si aplica);texto;;;;;Producto que solo se envasa o no tiene proceso identificado;
;Envasado / Sin proceso;237;PROPOLEO OS 600 grs;propoleo;1;(definir punto crítico si aplica);texto;;;;;Producto que solo se envasa o no tiene proceso identificado;
;Envasado / Sin proceso;307;Propóleo OS degustacion 65 grs;propoleo;1;(definir punto crítico si aplica);texto;;;;;Producto que solo se envasa o no tiene proceso identificado;
;Templado chocolate;320;Tableta Chocolate 73p 50 grs CPM;tabletas;1;Temperatura fusión;numerico;°C;45;50;Termómetro;;
;Templado chocolate;320;Tableta Chocolate 73p 50 grs CPM;tabletas;2;Temperatura trabajo;numerico;°C;31;32;Termómetro;Manteca pura (485) puede ser 27-28°C;
;Templado chocolate;320;Tableta Chocolate 73p 50 grs CPM;tabletas;3;Test de papel (cristaliza en 3 min);booleano;;;;Test papel;;
;Templado chocolate;480;Tableta Chocolate 73% x 50grs CPM (sin empacar);tabletas;1;Temperatura fusión;numerico;°C;45;50;Termómetro;;
;Templado chocolate;480;Tableta Chocolate 73% x 50grs CPM (sin empacar);tabletas;2;Temperatura trabajo;numerico;°C;31;32;Termómetro;Manteca pura (485) puede ser 27-28°C;
;Templado chocolate;480;Tableta Chocolate 73% x 50grs CPM (sin empacar);tabletas;3;Test de papel (cristaliza en 3 min);booleano;;;;Test papel;;
;Templado chocolate;481;Tableta Chocolate 73% con Mani x 50grs CPM (sin empacar);tabletas;1;Temperatura fusión;numerico;°C;45;50;Termómetro;;
;Templado chocolate;481;Tableta Chocolate 73% con Mani x 50grs CPM (sin empacar);tabletas;2;Temperatura trabajo;numerico;°C;31;32;Termómetro;Manteca pura (485) puede ser 27-28°C;
;Templado chocolate;481;Tableta Chocolate 73% con Mani x 50grs CPM (sin empacar);tabletas;3;Test de papel (cristaliza en 3 min);booleano;;;;Test papel;;
;Templado chocolate;482;Tableta Chocolate 73% con Macadamia x 50grs CPM (sin empacar);tabletas;1;Temperatura fusión;numerico;°C;45;50;Termómetro;;
;Templado chocolate;482;Tableta Chocolate 73% con Macadamia x 50grs CPM (sin empacar);tabletas;2;Temperatura trabajo;numerico;°C;31;32;Termómetro;Manteca pura (485) puede ser 27-28°C;
;Templado chocolate;482;Tableta Chocolate 73% con Macadamia x 50grs CPM (sin empacar);tabletas;3;Test de papel (cristaliza en 3 min);booleano;;;;Test papel;;
;Templado chocolate;483;Tableta Chocolate 73% con Almendra x 50grs CPM (sin empacar);tabletas;1;Temperatura fusión;numerico;°C;45;50;Termómetro;;
;Templado chocolate;483;Tableta Chocolate 73% con Almendra x 50grs CPM (sin empacar);tabletas;2;Temperatura trabajo;numerico;°C;31;32;Termómetro;Manteca pura (485) puede ser 27-28°C;
;Templado chocolate;483;Tableta Chocolate 73% con Almendra x 50grs CPM (sin empacar);tabletas;3;Test de papel (cristaliza en 3 min);booleano;;;;Test papel;;
;Templado chocolate;484;Tableta Chocolate 73% con Nibs x 50grs CPM (sin empacar);tabletas;1;Temperatura fusión;numerico;°C;45;50;Termómetro;;
;Templado chocolate;484;Tableta Chocolate 73% con Nibs x 50grs CPM (sin empacar);tabletas;2;Temperatura trabajo;numerico;°C;31;32;Termómetro;Manteca pura (485) puede ser 27-28°C;
;Templado chocolate;484;Tableta Chocolate 73% con Nibs x 50grs CPM (sin empacar);tabletas;3;Test de papel (cristaliza en 3 min);booleano;;;;Test papel;;
;Templado chocolate;493;Tableta Chocolate 73p con Macadamia 50 grs CPM;tabletas;1;Temperatura fusión;numerico;°C;45;50;Termómetro;;
;Templado chocolate;493;Tableta Chocolate 73p con Macadamia 50 grs CPM;tabletas;2;Temperatura trabajo;numerico;°C;31;32;Termómetro;Manteca pura (485) puede ser 27-28°C;
;Templado chocolate;493;Tableta Chocolate 73p con Macadamia 50 grs CPM;tabletas;3;Test de papel (cristaliza en 3 min);booleano;;;;Test papel;;
;Templado chocolate;494;Tableta Chocolate 73p con Mani 50 grs CPM;tabletas;1;Temperatura fusión;numerico;°C;45;50;Termómetro;;
;Templado chocolate;494;Tableta Chocolate 73p con Mani 50 grs CPM;tabletas;2;Temperatura trabajo;numerico;°C;31;32;Termómetro;Manteca pura (485) puede ser 27-28°C;
;Templado chocolate;494;Tableta Chocolate 73p con Mani 50 grs CPM;tabletas;3;Test de papel (cristaliza en 3 min);booleano;;;;Test papel;;
;Templado chocolate;495;Tableta Chocolate 73p con Almendra 50 grs CPM;tabletas;1;Temperatura fusión;numerico;°C;45;50;Termómetro;;
;Templado chocolate;495;Tableta Chocolate 73p con Almendra 50 grs CPM;tabletas;2;Temperatura trabajo;numerico;°C;31;32;Termómetro;Manteca pura (485) puede ser 27-28°C;
;Templado chocolate;495;Tableta Chocolate 73p con Almendra 50 grs CPM;tabletas;3;Test de papel (cristaliza en 3 min);booleano;;;;Test papel;;
;Templado chocolate;496;Tableta Chocolate 73p con Nibs 50 grs CPM;tabletas;1;Temperatura fusión;numerico;°C;45;50;Termómetro;;
;Templado chocolate;496;Tableta Chocolate 73p con Nibs 50 grs CPM;tabletas;2;Temperatura trabajo;numerico;°C;31;32;Termómetro;Manteca pura (485) puede ser 27-28°C;
;Templado chocolate;496;Tableta Chocolate 73p con Nibs 50 grs CPM;tabletas;3;Test de papel (cristaliza en 3 min);booleano;;;;Test papel;;
;Templado chocolate;584;Tableta Chocolate 100%;tabletas;1;Temperatura fusión;numerico;°C;45;50;Termómetro;;
;Templado chocolate;584;Tableta Chocolate 100%;tabletas;2;Temperatura trabajo;numerico;°C;31;32;Termómetro;Manteca pura (485) puede ser 27-28°C;
;Templado chocolate;584;Tableta Chocolate 100%;tabletas;3;Test de papel (cristaliza en 3 min);booleano;;;;Test papel;;
